name,cb_link,site,Industries,weight
RevLifter,https://www.crunchbase.com/organization/revlifter,www.revlifter.com,Affiliate Marketing,1
HUINNO,https://www.crunchbase.com/organization/huinno-inc,huinno.com,Software,1
Domino Data Lab,https://www.crunchbase.com/organization/domino-data-lab,www.dominodatalab.com,Big Data,1
Babyscripts,https://www.crunchbase.com/organization/1eq,babyscripts.com,Software,1
SafeTest,https://www.crunchbase.com/organization/safetest,www.safetest.com.br/,Health Diagnostics,1
Farmácia do Bem,https://www.crunchbase.com/organization/farm%C3%A1cia-do-bem,www.farmaciadobem.com.br/,Medical,1
Unit21,https://www.crunchbase.com/organization/unit21,unit21.ai,Software,1
Compology,https://www.crunchbase.com/organization/compology,www.compology.com,Enterprise Software,1
Insight Healthcare,https://www.crunchbase.com/organization/insight-healthcare,www.insightiapt.org/,Therapeutics,1
Inbox Health,https://www.crunchbase.com/organization/iqcopay,InboxHealth.com,Health Care,1
Zipwhip,https://www.crunchbase.com/organization/zipwhip,www.zipwhip.com,Messaging,1
Professional Credentials Exchange,https://www.crunchbase.com/organization/professional-credentials-exchange,www.procredex.com/,Blockchain,1
HireVue,https://www.crunchbase.com/organization/hirevue,www.hirevue.com,Human Resources,1
Ushur,https://www.crunchbase.com/organization/ushur-inc,ushur.com,Natural Language Processing,1
STRIVR,https://www.crunchbase.com/organization/strivr-labs-inc,www.strivr.com,Enterprise,1
Revenue Grid,https://www.crunchbase.com/organization/revenue-grid,revenuegrid.com,Enterprise Resource Planning (ERP),1
Medicinia,https://www.crunchbase.com/organization/medicinia-atividades-de-internet-ltda,medicinia.com,Telecommunications,1
WeGift,https://www.crunchbase.com/organization/wegift,wegift.io/,FinTech,1
Cappasity,https://www.crunchbase.com/organization/cappasity-inc,www.cappasity.com,Shopping,1
Cíngulo,https://www.crunchbase.com/organization/c%C3%ADngulo,www.cingulo.com/,Health Care,1
Immense,https://www.crunchbase.com/organization/immense-simulations,www.immense.ai,Intelligent Systems,1
MoEngage,https://www.crunchbase.com/organization/moengage,www.moengage.com/,Marketing Automation,1
rooom,https://www.crunchbase.com/organization/rooom,www.rooom.com/,Software,1
ISA,https://www.crunchbase.com/organization/isa-lab,isalab.com.br/,Wellness,1
HITEKS,https://www.crunchbase.com/organization/hiteks,hiteks.com,Information Technology,1
PinOn,https://www.crunchbase.com/organization/pinon,pinon.io,Software,1
Seisa Assistencia Medica,https://www.crunchbase.com/organization/seisa-assistencia-medica,www.seisasaude.com/index.html,Medical,1
Wise Therapeutics,https://www.crunchbase.com/organization/wise-therapeutics,wisedtx.com/,Medical,1
A+energy,https://www.crunchbase.com/organization/a-energy-2acc,aplusenergy.de/,Internet,1
Thread,https://www.crunchbase.com/organization/thread-com,www.thread.com,Internet,1
Carpe Data,https://www.crunchbase.com/organization/carpe-data,carpe.io/,Information Technology,1
Spreedly,https://www.crunchbase.com/organization/spreedly,www.spreedly.com,FinTech,1
Daly Credit,https://www.crunchbase.com/organization/infobip,dalycreditcorp.com,Credit Cards,1
3one4 Capital,https://www.crunchbase.com/organization/3one4,www.3one4capital.com/,Internet of Things,1
Ornament Health,https://www.crunchbase.com/organization/ornament,www.ornament.health,Medical,1
Stackline,https://www.crunchbase.com/organization/stackline,www.stackline.com,E-Commerce,1
Locomation,https://www.crunchbase.com/organization/locomation,locomation.ai/,Autonomous Vehicles,1
Unsupervised,https://www.crunchbase.com/organization/customer-science,unsupervised.com/,Information Technology,1
Twin Health,https://www.crunchbase.com/organization/twins-digital,twinhealth.com,Machine Learning,1
YOOBIC,https://www.crunchbase.com/organization/yoobic,www.yoobic.com,Mobile,1
Biospectal,https://www.crunchbase.com/organization/biospectal,www.biospectal.com,Software,1
Exosite,https://www.crunchbase.com/organization/exosite,exosite.com,Internet of Things,1
MindsDB,https://www.crunchbase.com/organization/mindsdb,mindsdb.com,Computer,1
Uplift,https://www.crunchbase.com/organization/uplift-inc,www.uplift.com,Finance,1
Farmácia do Bem,https://www.crunchbase.com/organization/farm%C3%A1cia-do-bem,www.farmaciadobem.com.br/,Health Care,1
Academia Medica,https://www.crunchbase.com/organization/academia-m%C3%A9dica,academiamedica.com.br/,Health Care,1
Joint Academy,https://www.crunchbase.com/organization/joint-academy,www.jointacademy.com,Health Diagnostics,1
Dorabot,https://www.crunchbase.com/organization/dorabot,www.dorabot.com/,Robotics,1
Eversnap,https://www.crunchbase.com/organization/wedding-snap,eversnapapp.com,Travel,1
Zeni,https://www.crunchbase.com/organization/zeni,www.zeni.ai/,Finance,1
Plivo,https://www.crunchbase.com/organization/plivo,www.plivo.com,SMS,1
ALTR,https://www.crunchbase.com/organization/altr-6b82,www.altr.com/,SaaS,1
Cartão Vai Bem,https://www.crunchbase.com/organization/cart%C3%A3o-vai-bem,cartaovaibem.com.br,Health Care,1
Shield AI,https://www.crunchbase.com/organization/shield-ai,www.shield.ai,National Security,1
Ripple Health Group,https://www.crunchbase.com/organization/ripple-health-group,www.ripplehealthgroup.com/,Wellness,1
TweeQ,https://www.crunchbase.com/organization/tweeq,tweeq.com/,Health Care,1
Syllable,https://www.crunchbase.com/organization/syllable,syllable.ai,Software,1
Altoida,https://www.crunchbase.com/organization/altoida,www.altoida.com,Medical Device,1
Xoxoday,https://www.crunchbase.com/organization/xoxoday,www.xoxoday.com/,SaaS,1
Lapetus Solutions,https://www.crunchbase.com/organization/lapetus-solutions,lapetussolutions.com/,Software,1
Abogen Biosciences,https://www.crunchbase.com/organization/abogen-biosciences,www.abogenbio.com/,Life Science,1
Signove,https://www.crunchbase.com/organization/signove,www.signove.com,Health Care,1
TweeQ,https://www.crunchbase.com/organization/tweeq,tweeq.com/,3D Technology,1
YOOBIC,https://www.crunchbase.com/organization/yoobic,www.yoobic.com,Software,1
Zivver,https://www.crunchbase.com/organization/zivver,www.zivver.com,Software,1
Recurly,https://www.crunchbase.com/organization/recurly,recurly.com,Enterprise Software,1
Wandelbots,https://www.crunchbase.com/organization/wandelbots,www.wandelbots.com,Wearables,1
Gorillas,https://www.crunchbase.com/organization/gorillas,gorillas.io,Delivery,1
Synthetaic,https://www.crunchbase.com/organization/synthetaic,www.synthetaic.com/,Machine Learning,1
Censinet,https://www.crunchbase.com/organization/censinet,www.censinet.com,Risk Management,1
Facteus,https://www.crunchbase.com/organization/facteus,www.facteus.com,Machine Learning,1
Zeni,https://www.crunchbase.com/organization/zeni,www.zeni.ai/,Financial Services,1
WeRide,https://www.crunchbase.com/organization/werideai,www.weride.ai/,Artificial Intelligence,1
First Choice Groceries,https://www.crunchbase.com/organization/first-choice-groceries,firstchoice.je,Retail,1
Molekule,https://www.crunchbase.com/organization/molekule,molekule.com/,Health Care,1
tech.fit,https://www.crunchbase.com/organization/tech-fit-9c3b,tech.fit,Wellness,1
Catchup Applications,https://www.crunchbase.com/organization/catchup-applications,www.catchup-apps.com,Health Care,1
Tandem Diabetes Care,https://www.crunchbase.com/organization/tandem-diabetes-care,www.tandemdiabetes.com,Apps,1
Workstream,https://www.crunchbase.com/organization/workstream-is,www.workstream.us,Human Resources,1
Bobble AI,https://www.crunchbase.com/organization/bobble-app,bobble.ai,Market Research,1
RadarFit,https://www.crunchbase.com/organization/radarfit,radarfit.com.br/,Fitness,1
Pecan,https://www.crunchbase.com/organization/pecan,www.pecan.ai,Artificial Intelligence,1
Koios Medical,https://www.crunchbase.com/organization/koios-medical,koiosmedical.com/,Artificial Intelligence,1
RELAYTO Document Experience Platform,https://www.crunchbase.com/organization/relayto,relayto.com,Marketing,1
Infina Connect Healthcare Systems,https://www.crunchbase.com/organization/infina-connect-healthcare-systems,www.infinaconnect.com,Health Care,1
CareAlign,https://www.crunchbase.com/organization/trekit-health,carealign.ai/,Developer Tools,1
CareZone,https://www.crunchbase.com/organization/care-zone,carezone.com/,Health Care,1
Glartek,https://www.crunchbase.com/organization/glartek,glartek.com/,Augmented Reality,1
Vivo,https://www.crunchbase.com/organization/vivo-af74,teamvivo.com,Health Care,1
Stradigi AI,https://www.crunchbase.com/organization/stradigi,www.stradigi.ai/,Machine Learning,1
Digital Diagnostics,https://www.crunchbase.com/organization/idx-2,digitaldiagnostics.com,Machine Learning,1
MORAI,https://www.crunchbase.com/organization/morai,www.morai.ai,Autonomous Vehicles,1
Noom,https://www.crunchbase.com/organization/noom,www.noom.com,Wellness,1
Upside,https://www.crunchbase.com/organization/upside,www.upsideadvisor.com,Financial Services,1
Motion AI,https://www.crunchbase.com/organization/motion-ai,www.motion.ai,Software,1
Halla,https://www.crunchbase.com/organization/halla,www.halla.io,Artificial Intelligence,1
Medicago,https://www.crunchbase.com/organization/medicago,www.medicago.com,Medical,1
Radio Garden,https://www.crunchbase.com/organization/radio-garden,radio.garden/,Music Streaming,1
ArcherDX,https://www.crunchbase.com/organization/archerdx-inc,archerdx.com,Biopharma,1
Abra,https://direct.crunchbase.com/organization/abra,abra.com,Financial Services,1
GoSats,https://www.crunchbase.com/organization/gosats,gosats.io,Bitcoin,1
Grammarly,https://www.crunchbase.com/organization/grammarly,www.grammarly.com,Productivity Tools,1
Oden Technologies,https://www.crunchbase.com/organization/oden-technologies,oden.io,Manufacturing,1
Outra,https://www.crunchbase.com/organization/outra,outra.co.uk/,Information Technology,1
Descartes Labs,https://www.crunchbase.com/organization/descartes-labs,www.descarteslabs.com/,Artificial Intelligence,1
Socure,https://www.crunchbase.com/organization/socure,www.socure.com,Identity Management,1
Tinuiti,https://www.crunchbase.com/organization/elite-sem,tinuiti.com/,CRM,1
ODWEN,https://www.crunchbase.com/organization/odwen,www.odwen.co.in/,Logistics,1
Elastic Path Software,https://www.crunchbase.com/organization/elastic-path,www.elasticpath.com,Software,1
RightWatts Solutions,https://www.crunchbase.com/organization/rightwatts-solutions,www.rightwatts.com,Facility Management,1
Zeamo,https://www.crunchbase.com/organization/zeamo,zeamo.com,Fitness,1
Turnkey Lender,https://www.crunchbase.com/organization/turnkey-lender,www.turnkey-lender.com,Lending,1
Pointscene,https://www.crunchbase.com/organization/pointscene,pointscene.com/,PaaS,1
DroneDeploy,https://www.crunchbase.com/organization/dronedeploy,www.dronedeploy.com,Robotics,1
Glincon,https://www.crunchbase.com/organization/glincon,www.glincon.com/,3D Technology,1
Banjo Health,https://www.crunchbase.com/organization/banjo-health,www.banjohealth.com,Information Technology,1
OnRad,https://www.crunchbase.com/organization/onrad,onrad.io/,Broadcasting,1
Klaviyo,https://www.crunchbase.com/organization/klaviyo,www.klaviyo.com,Marketing,1
Inworld AI,https://www.crunchbase.com/organization/inworld-ai,inworld.ai,Machine Learning,1
MAPEGY,https://www.crunchbase.com/organization/mapegy,www.mapegy.com,Innovation Management,1
OODA Health,https://www.crunchbase.com/organization/ooda-health,www.ooda-health.com,Software,1
Akeptus,https://www.crunchbase.com/organization/akeptus,www.akeptus.com/,Smart Building,1
Assured Allies,https://www.crunchbase.com/organization/assuredallies,www.assuredallies.com/,Wellness,1
Beacon Development,https://www.crunchbase.com/organization/beacon-development,www.beacondevelopment.com,Commercial Real Estate,1
Epitrack,https://www.crunchbase.com/organization/epitrack,www.epitrack.com.br,Health Care,1
Veda Labs,https://www.crunchbase.com/organization/veda-labs,www.vedalabs.in,Internet,1
Stellar Cyber,https://www.crunchbase.com/organization/stellarcyber,www.stellarcyber.ai,Network Security,1
AMODO,https://www.crunchbase.com/organization/amodo,www.amodo.eu/,Digital Marketing,1
Clal Insurance Enterprises Holdings,https://www.crunchbase.com/organization/clal-insurance-enterprises-holdings,www.clal.co.il/,Insurance,1
Unit21,https://www.crunchbase.com/organization/unit21,unit21.ai,Fraud Detection,1
Netacea,https://www.crunchbase.com/organization/netacea,www.netacea.com/,Analytics,1
V7,https://www.crunchbase.com/organization/v7,www.v7labs.com,Machine Learning,1
Exclusible,https://www.crunchbase.com/organization/exclusible,exclusible.com,Digital Marketing,1
Zira,https://www.crunchbase.com/organization/lightapp-technologies,zira.us,Analytics,1
RockSpoon,https://www.crunchbase.com/organization/rockspoon,www.rockspoon.com/,Internet,1
Mindtech,https://www.crunchbase.com/organization/mindtech-f5ad,www.mindtech.global,Robotics,1
Xbiome,https://www.crunchbase.com/organization/xbiome,xbiome.cn/,Medical,1
Vivo,https://www.crunchbase.com/organization/vivo-af74,teamvivo.com,Elderly,1
Medicago,https://www.crunchbase.com/organization/medicago,www.medicago.com,Health Care,1
b.well Connected Health,https://www.crunchbase.com/organization/b-well,icanbwell.com/,Pharmaceutical,1
Quem Cuida,https://www.crunchbase.com/organization/quem-cuida,quemcuida.com.br/,Human Resources,1
vHive,https://www.crunchbase.com/organization/vhive,www.vhive.ai,Enterprise,1
Sentenai,https://www.crunchbase.com/organization/sentenai,www.sentenai.com/,Cloud Infrastructure,1
Healthily by Your.MD,https://www.crunchbase.com/organization/your-md,www.livehealthily.com,Personal Health,1
Cubic Telecom,https://www.crunchbase.com/organization/cubictelecom,www.cubictelecom.com/,AgTech,1
Data Pro,https://www.crunchbase.com/organization/data-pro-7896,www.datapro.ch,Cloud Computing,1
CyberMaxx,https://www.crunchbase.com/organization/cybermaxx,www.cybermaxx.com,Cyber Security,1
Blue Hexagon,https://www.crunchbase.com/organization/blue-hexagon,bluehexagon.ai/,Cyber Security,1
Dina,https://www.crunchbase.com/organization/preparedhealth,www.dinacare.com/,Health Care,1
Jitterbit,https://www.crunchbase.com/organization/jitterbit,www.jitterbit.com,SaaS,1
Antidote.me,https://www.crunchbase.com/organization/antidote-me,www.antidote.me,Health Diagnostics,1
Warehowz,https://www.crunchbase.com/organization/warehowz,warehowz.com/,Logistics,1
Flywheel Healthcare,https://www.crunchbase.com/organization/flywheel-healthcare,flywheelpartners.com,Health Care,1
RegDesk,https://www.crunchbase.com/organization/regdesk,www.regdesk.co,Biotechnology,1
Naiad Lab,https://www.crunchbase.com/organization/naiad-lab,naiadlab.com/,Health Care,1
Coople,https://www.crunchbase.com/organization/staff-finder,www.coople.com,Employment,1
TAIGER,https://www.crunchbase.com/organization/taiger,www.taiger.com/,Artificial Intelligence,1
Leyan Technologies,https://www.crunchbase.com/organization/leyan-technology,www.leyantech.com/,Artificial Intelligence,1
VitoMall,https://www.crunchbase.com/organization/vitomall,vitomall.com,E-Commerce,1
Intelligencia,https://www.crunchbase.com/organization/intelligencia,www.intelligencia.ai,Pharmaceutical,1
DocDigitizer,https://www.crunchbase.com/organization/docdigitizer,docdigitizer.com,Document Management,1
Keytorc,https://www.crunchbase.com/organization/keytorc,keytorc.com/,Software Engineering,1
Vida Biotecnologia,https://www.crunchbase.com/organization/vida-biotecnologia,www.vidabiotecnologia.com.br/distribuidores/,Health Care,1
Netradyne,https://www.crunchbase.com/organization/netradyne,www.netradyne.com,Fleet Management,1
Sendinblue,https://www.crunchbase.com/organization/sendinblue,www.sendinblue.com,Email Marketing,1
Heart Care,https://www.crunchbase.com/organization/heart-care,www.heartcare.life/en/,Mobile Apps,1
tsenso,https://www.crunchbase.com/organization/tsenso,freshindex.eu/,Information Technology,1
Dental Monitoring,https://www.crunchbase.com/organization/dental-monitoring,dental-monitoring.com,Dental,1
Daly Credit,https://www.crunchbase.com/organization/infobip,dalycreditcorp.com,Finance,1
Uptake Technologies,https://www.crunchbase.com/organization/uptake-3,www.uptake.com,Machine Learning,1
Rosen Skincare,https://www.crunchbase.com/organization/rosen-skincare,www.rosenskincare.com/,Health Care,1
Curated,https://www.crunchbase.com/organization/curated-6efa,www.curated.com/,E-Commerce,1
6sense,https://www.crunchbase.com/organization/6sense,www.6sense.com,Sales,1
Calm,https://www.crunchbase.com/organization/calm-com,www.calm.com,Apps,1
Forethought,https://www.crunchbase.com/organization/forethought-7dc2,www.forethought.ai,Artificial Intelligence,1
Blueheart,https://www.crunchbase.com/organization/blueheart,www.blueheart.io,Wellness,1
Workato,https://www.crunchbase.com/organization/fivetran,www.workato.com,Marketing Automation,1
Korbit Technologies,https://www.crunchbase.com/organization/korbit-ai,www.korbit.ai,Education,1
Infinitus Systems,https://www.crunchbase.com/organization/infinitus,www.infinitus.ai,Business Information Systems,1
Rinse,https://www.crunchbase.com/organization/rinse,www.rinse.com,Internet,1
Dashlane,https://www.crunchbase.com/organization/dashlane,www.dashlane.com,Privacy,1
Overhaul,https://www.crunchbase.com/organization/overhaul,over-haul.com/,Risk Management,1
Facteus,https://www.crunchbase.com/organization/facteus,www.facteus.com,FinTech,1
TuSimple,https://www.crunchbase.com/organization/tusimple-llc,www.tusimple.ai/,Last Mile Transportation,1
Promo.com,https://www.crunchbase.com/organization/promocom,promo.com,Mobile,1
2021.AI,https://www.crunchbase.com/organization/2021-ai,www.2021.ai,Enterprise Software,1
Productsup,https://www.crunchbase.com/organization/productsup,productsup.com,Marketplace,1
360Learning,https://www.crunchbase.com/organization/360learning,360learning.com,B2B,1
Kinetic,https://www.crunchbase.com/organization/kinetic-2,www.wearkinetic.com,Sensor,1
Sana,https://www.crunchbase.com/organization/sana-9694,www.sanafitness.io,Software,1
Airship,https://www.crunchbase.com/organization/urban-airship,www.airship.com/,Mobile Apps,1
iFoodDS,https://www.crunchbase.com/organization/ifooddecisionsciences,www.ifoodds.com,Computer,1
Cuebiq,https://www.crunchbase.com/organization/cuebiq,www.cuebiq.com,Big Data,1
Ncontracts,https://www.crunchbase.com/organization/network-contract-solutions,www.ncontracts.com/,Information Technology,1
AppZen,https://www.crunchbase.com/organization/appzen,www.appzen.com/,SaaS,1
Pecan,https://www.crunchbase.com/organization/pecan,www.pecan.ai,Software,1
Uptake Technologies,https://www.crunchbase.com/organization/uptake-3,www.uptake.com,Software,1
Yottaa,https://www.crunchbase.com/organization/yottaa,www.yottaa.com,SaaS,1
Rede Ativa de Informação em Saúde,https://www.crunchbase.com/organization/rede-ativa-de-informa%C3%A7%C3%A3o-em-sa%C3%BAde,www.drugsinfo.org/,SaaS,1
MOJIO,https://www.crunchbase.com/organization/mojio,moj.io,Software,1
Salesfloor,https://www.crunchbase.com/organization/salesfloor,www.salesfloor.net,Retail,1
siosLIFE,https://www.crunchbase.com/organization/sioslife,sioslife.com/,Apps,1
Patriot Benefit Solutions,https://www.crunchbase.com/organization/patriot-benefit-solutions,www.patriotbenefit.com/,Health Care,1
H2O Hospitality,https://www.crunchbase.com/organization/h2O-hospitality,www.h2ojapan.co.jp,Housekeeping Service,1
Sepio,https://www.crunchbase.com/organization/sepio-systems,sepiocyber.com/,Cyber Security,1
Fofuuu,https://www.crunchbase.com/organization/fofuuu,fofuuu.com/,Children,1
Beekast,https://www.crunchbase.com/organization/beekast-2,www.beekast.com,Information Technology,1
HealthMatch,https://www.crunchbase.com/organization/healthmatch,healthmatch.io,Machine Learning,1
Carbon,https://www.crunchbase.com/organization/carbon3d,carbon3d.com,Mechanical Engineering,1
Chord,https://www.crunchbase.com/organization/arfa,chord.co,E-Commerce,1
Genies,https://www.crunchbase.com/organization/blend-systems,genies.com,Mobile Apps,1
Seven Senders,https://www.crunchbase.com/organization/seven-senders,www.sevensenders.com/,Delivery Service,1
InSiteOne,https://www.crunchbase.com/organization/insiteone,www.insiteone.com,Health Care,1
Matillion,https://www.crunchbase.com/organization/matillion,www.matillion.com,Software,1
Zendrive,https://www.crunchbase.com/organization/zendrive,www.zendrive.com,Mobile,1
Mendelics Análise Genômica,https://www.crunchbase.com/organization/mendelics-an%C3%A1lise-gen%C3%B4mica,www.mendelics.com/,Emergency Medicine,1
Kinetic,https://www.crunchbase.com/organization/kinetic-2,www.wearkinetic.com,Information Technology,1
MagicCube,https://www.crunchbase.com/organization/magiccube-inc,www.magiccube.co,Payments,1
Parallel Domain,https://www.crunchbase.com/organization/parallel-domain,www.paralleldomain.com,Autonomous Vehicles,1
DLT Labs,https://www.crunchbase.com/organization/dlt-labs,www.dltlabs.com,Information Technology,1
Possis Medical,https://www.crunchbase.com/organization/possis-medical,,Medical Device,1
Marketplacer,https://www.crunchbase.com/organization/marketplacer,marketplacer.com/,Marketplace,1
Aleph Alpha,https://www.crunchbase.com/organization/aleph-alpha,aleph-alpha.com,Software,1
Deep North,https://www.crunchbase.com/organization/deep-north,www.deepnorth.com,Information Technology,1
Minerva Surgical,https://www.crunchbase.com/organization/minerva-surgical,minervasurgical.com/,Medical,1
Finbots.AI,https://www.crunchbase.com/organization/finbots-ai,www.finbots.ai/,FinTech,1
1touch.io,https://www.crunchbase.com/organization/1touch-io,1touch.io/,Information Technology,1
Vulcan Cyber,https://www.crunchbase.com/organization/vulcan-cyber,vulcan.io,Security,1
Vue.ai,https://www.crunchbase.com/organization/vue-ai,vue.ai/,Retail,1
Norah Ai,https://www.crunchbase.com/organization/norah-ai,norah.ai/,Artificial Intelligence,1
Deliverect,https://www.crunchbase.com/organization/deliverect,deliverect.com,E-Commerce,1
blackshark.ai,https://www.crunchbase.com/organization/blackshark-ai,blackshark.ai/,Cloud Computing,1
BioSerenity,https://www.crunchbase.com/organization/bioserenity,www.bioserenity.com/,Medical,1
Vechain,https://www.crunchbase.com/organization/vechain,www.vechain.com,Logistics,1
Borneo,https://www.crunchbase.com/organization/borneo,www.borneo.io,Cloud Infrastructure,1
Cognigy GmbH,https://www.crunchbase.com/organization/cognigy,www.cognigy.com,Customer Service,1
Focal Systems,https://www.crunchbase.com/organization/focal-systems,www.focal.systems/,Retail Technology,1
Ionic Security,https://www.crunchbase.com/organization/ionic-security,ionicsecurity.com/,Information Technology,1
Fabric8Labs,https://www.crunchbase.com/organization/fabric8labs,Fabric8Labs.com,Printing,1
FreeGym,https://www.crunchbase.com/organization/freegym,www.freegym.co/,Fitness,1
Clarivate Analytics,https://www.crunchbase.com/organization/clarivate-analytics,clarivate.com,Information Services,1
PHARMASEAL,https://www.crunchbase.com/organization/pharmaseal,www.pharmaseal.co/,Pharmaceutical,1
Earnix,https://www.crunchbase.com/organization/earnix,www.earnix.com,Finance,1
Clairco,https://www.crunchbase.com/organization/clairco,clairco.in,Electronics,1
Zocdoc,https://www.crunchbase.com/organization/zocdoc,www.zocdoc.com,Medical,1
Unison Bio-Medical,https://www.crunchbase.com/organization/unison-bio-medical,www.unisonbiomed.com/,Health Care,1
WakeCap Technologies,https://www.crunchbase.com/organization/wakecap-technologies,www.wakecap.com,Construction,1
Ideastream Consumer Products,https://www.crunchbase.com/organization/ideastream-consumer-products,www.ideastreamproducts.com/,Logistics,1
Saffe,https://www.crunchbase.com/organization/saffe,www.saffe.co,Financial Services,1
Drift,https://www.crunchbase.com/organization/drift,www.drift.com,Marketing,1
Sendio,https://www.crunchbase.com/organization/sendio,www.sendio.com,Cyber Security,1
Jobber,https://www.crunchbase.com/organization/jobber,getjobber.com,Software,1
Beekast,https://www.crunchbase.com/organization/beekast-2,www.beekast.com,Market Research,1
Aidoc,https://www.crunchbase.com/organization/aidoc,aidoc.com,Machine Learning,1
mParticle,https://www.crunchbase.com/organization/mparticle,mparticle.com,Marketing Automation,1
CoreCare,https://www.crunchbase.com/organization/corecare,corecare.io/,Software,1
Iterative,https://www.crunchbase.com/organization/iterative,www.it-erative.com,Machine Learning,1
Certara,https://www.crunchbase.com/organization/certara,www.certara.com,Pharmaceutical,1
Pond5,https://www.crunchbase.com/organization/pond5,www.pond5.com,Marketplace,1
Zoovu,https://www.crunchbase.com/organization/zoovu,www.zoovu.com,Software,1
Ingenious Med,https://www.crunchbase.com/organization/ingenious-med,www.ingeniousmed.com,Health Care,1
Conversica,https://www.crunchbase.com/organization/conversica,www.conversica.com,Virtual Assistant,1
Xanadu,https://www.crunchbase.com/organization/xanadu-2,www.xanadu.ai,Hardware,1
Salsify,https://www.crunchbase.com/organization/salsify,salsify.com,Cloud Computing,1
Budderfly,https://www.crunchbase.com/organization/budderfly,www.budderfly.com/,Energy Management,1
Clumio,https://www.crunchbase.com/organization/clumio,www.clumio.com,SaaS,1
Robust Intelligence,https://www.crunchbase.com/organization/robust-intelligence,robustintelligence.com,Enterprise Software,1
VidaClass,https://www.crunchbase.com/organization/vidaclass,www.vidaclass.com.br/,Health Care,1
PatientPing,https://www.crunchbase.com/organization/patientping,www.patientping.com/,Wellness,1
Roambee,https://www.crunchbase.com/organization/roambee-corporation,www.roambee.com,SaaS,1
Prospera Technologies,https://www.crunchbase.com/organization/prospera-technologies,prospera.ag/,Agriculture,1
Dumbbell Pro,https://www.crunchbase.com/organization/dumbbell-pro,www.dumbbell.pro/,Mobile Apps,1
Incent,https://www.crunchbase.com/organization/incent,www.incent.com,Gaming,1
LiveGenic,https://www.crunchbase.com/organization/livegenic,www.livegenic.com/,Software,1
Emerge,https://www.crunchbase.com/organization/emerge-io,www.emerge.io,Media and Entertainment,1
Qohash,https://www.crunchbase.com/organization/qohash-inc,www.qohash.com/,Enterprise Software,1
Hermes Group,https://www.crunchbase.com/organization/hermes-group,www.hermesworld.com/int/,Delivery,1
NanoThings,https://www.crunchbase.com/organization/nanothings,www.nanothingsinc.com,Wireless,1
Hey Healthcare,https://www.crunchbase.com/organization/hey-healthcare,heyhealthcare.com/,Insurance,1
Source Defense,https://www.crunchbase.com/organization/source-defense,sourcedefense.com/,Cyber Security,1
OneView,https://www.crunchbase.com/organization/oneview-space,www.one-view.ai,Geospatial,1
Akinon,https://www.crunchbase.com/organization/akinon,www.akinon.com/,SaaS,1
Doutor Recomenda,https://www.crunchbase.com/organization/doutor-recomenda,doutorrecomenda.com.br/,Health Care,1
Openclaims,https://www.crunchbase.com/organization/open-claims,openclaims.com/,Software,1
Facteus,https://www.crunchbase.com/organization/facteus,www.facteus.com,Information Services,1
StrongArm Tech,https://www.crunchbase.com/organization/strong-arm-technologies,strongarmtech.com,Risk Management,1
NeuroUp,https://www.crunchbase.com/organization/neuroup,neuroup.com.br/,Health Care,1
W.Dental,https://www.crunchbase.com/organization/w-dental,w.dental/,Dental,1
Wise Systems,https://www.crunchbase.com/organization/wise-systems,www.wisesystems.com,Artificial Intelligence,1
UISEE,https://www.crunchbase.com/organization/uisee,www.uisee.com/,Machine Learning,1
Xanadu,https://www.crunchbase.com/organization/xanadu-2,www.xanadu.ai,Artificial Intelligence,1
MobileFuse,https://www.crunchbase.com/organization/mobilefuse,www.mobilefuse.com,Mobile Advertising,1
Red Points,https://www.crunchbase.com/organization/red-points,www.redpoints.com/,Image Recognition,1
Andros,https://www.crunchbase.com/organization/andros,www.andros.ch/,Food and Beverage,1
Alto Pharmacy,https://www.crunchbase.com/organization/scriptdash,www.alto.com/,Health Care,1
Datica,https://www.crunchbase.com/organization/datica,datica.com/,Open Source,1
PAI Health,https://www.crunchbase.com/organization/pai-health,www.paihealth.com/,Software,1
Graphcore,https://www.crunchbase.com/organization/graphcore,www.graphcore.ai/,Machine Learning,1
Prognica Labs,https://www.crunchbase.com/organization/prognica-labs,www.prognica.com/,Machine Learning,1
orderbird,https://www.crunchbase.com/organization/orderbird-ag,www.orderbird.com,Productivity Tools,1
Wolf3D,https://www.crunchbase.com/organization/wolf3d,www.wolf3d.io,Graphic Design,1
Closed Loop Medicine,https://www.crunchbase.com/organization/closed-loop-medicine,www.closedloopmedicine.com/,Pharmaceutical,1
Writer,https://www.crunchbase.com/organization/writer,writer.com,Content,1
Blockit,https://www.crunchbase.com/organization/blockit,www.Blockitnow.com,Health Care,1
Bright.md,https://www.crunchbase.com/organization/bright-md,bright.md,Information Technology,1
Deepbrain AI,https://www.crunchbase.com/organization/moneybrain,www.deepbrainai.io/,Artificial Intelligence,1
Kunumi,https://www.crunchbase.com/organization/kunumi,kunumi.com,Software Engineering,1
Tessian,https://www.crunchbase.com/organization/tessian,www.tessian.com/,Professional Services,1
Viz,https://www.crunchbase.com/organization/viz,www.viz.ai,Medical Device,1
Vitamenu,https://www.crunchbase.com/organization/vitamenu,www.vitamenu.com.br/,Nutrition,1
Spendesk,https://www.crunchbase.com/organization/spendesk,www.spendesk.com,SaaS,1
Nexfar,https://www.crunchbase.com/organization/nexfar,www.nexfar.com.br,B2B,1
Elevate Security,https://www.crunchbase.com/organization/elevate-security,www.elevatesecurity.com,Computer,1
Sasta Sundar,https://www.crunchbase.com/organization/sasta-sundar,www.sastasundar.com/,Beauty,1
Slope.io,https://www.crunchbase.com/organization/slope-io,www.slope.io/,Clinical Trials,1
TubeMogul,https://www.crunchbase.com/organization/tubemogul,advertising.adobe.com,SaaS,1
Anchor,https://www.crunchbase.com/organization/anchor-fm,anchor.fm/,Podcast,1
Limbix,https://www.crunchbase.com/organization/limbix,www.limbix.com,Medical Device,1
Jerry,https://www.crunchbase.com/organization/jerry-3,getjerry.com/,Artificial Intelligence,1
Lapetus Solutions,https://www.crunchbase.com/organization/lapetus-solutions,lapetussolutions.com/,Biotechnology,1
Stradigi AI,https://www.crunchbase.com/organization/stradigi,www.stradigi.ai/,SaaS,1
JITbase,https://www.crunchbase.com/organization/jitbase,jitbase.com,Internet of Things,1
qapsula,https://www.crunchbase.com/organization/qapsula,www.qapsula.com/,Health Care,1
BeThree,https://www.crunchbase.com/organization/bethree,bethree.tn/,Medical Device,1
Harrison.ai,https://www.crunchbase.com/organization/harrison-ai,www.harrison.ai,Medical,1
LYC PLEDGE,https://www.crunchbase.com/organization/lyc-pledge,lycpledge.com,Wellness,1
Moosend,https://www.crunchbase.com/organization/moosend,www.moosend.com,Big Data,1
MagicCube,https://www.crunchbase.com/organization/magiccube-inc,www.magiccube.co,Cyber Security,1
Sanar,https://www.crunchbase.com/organization/editora-sanar,www.sanarmed.com/sobre,Higher Education,1
Winnow,https://www.crunchbase.com/organization/winnow-solutions,winnowsolutions.com,Artificial Intelligence,1
Quintype Technologies Pvt Ltd,https://www.crunchbase.com/organization/quintype,www.quintype.com/,Mobile,1
Prevalent,https://www.crunchbase.com/organization/prevalent,,Health Care,1
Redsalud,https://www.crunchbase.com/organization/redsalud,www.redsalud.cl/,Health Care,1
Wise Systems,https://www.crunchbase.com/organization/wise-systems,www.wisesystems.com,Enterprise Software,1
mySugr,https://www.crunchbase.com/organization/mysugr,mysugr.com,Fitness,1
Caspar.AI,https://www.crunchbase.com/organization/brain-of-things,caspar.ai,Predictive Analytics,1
Optix,https://www.crunchbase.com/organization/optix,optixpacs.com.br,Hospital,1
Element Analytics,https://www.crunchbase.com/organization/element-analytics,www.elementanalytics.com/,SaaS,1
LogPoint,https://www.crunchbase.com/organization/logpoint,www.logpoint.com,Network Security,1
LeanTaaS,https://www.crunchbase.com/organization/leantaas,leantaas.com/,Predictive Analytics,1
Apna,https://www.crunchbase.com/organization/apna,apna.co,Human Resources,1
100Plus,https://www.crunchbase.com/organization/100plus,www.100plus.com,Fitness,1
Ommed,https://www.crunchbase.com/organization/ommed,www.ommed.com,Information Technology,1
Novel,https://www.crunchbase.com/organization/novel,www.novelincorporated.com,Software,1
Ordergroove,https://www.crunchbase.com/organization/ordergroove,www.ordergroove.com,B2B,1
Blippar,https://www.crunchbase.com/organization/blippar,www.blippar.com,Marketing,1
Kinotek,https://www.crunchbase.com/organization/kinotek,www.kinotek.com/,Education,1
Whistic,https://www.crunchbase.com/organization/whistic,www.whistic.com,Cyber Security,1
Konduto,https://www.crunchbase.com/organization/konduto,www.konduto.com/,E-Commerce,1
Novocardia,https://www.crunchbase.com/organization/novocardia,novocardiahealth.com/,Health Care,1
presize.ai,https://www.crunchbase.com/organization/presize-ai,www.presize.ai/,Computer Vision,1
HUMAN,https://www.crunchbase.com/organization/humansecurity,www.humansecurity.com,Internet,1
Kognition,https://www.crunchbase.com/organization/kognition,www.kognition.ai,Internet of Things,1
Tilak Healthcare,https://www.crunchbase.com/organization/tilak-healthcare,www.tilakhealthcare.com/,Health Care,1
Jingling Corporation,https://www.crunchbase.com/organization/jingling-corporation,jinglingapp.com/,B2B,1
TrapX Security,https://www.crunchbase.com/organization/trapx-security,trapx.com/,Computer Vision,1
Aquabyte,https://www.crunchbase.com/organization/aquabyte,www.aquabyte.no,Agriculture,1
Kore.ai,https://www.crunchbase.com/organization/kore-ai,kore.ai/,Enterprise Software,1
Cityzenith,https://www.crunchbase.com/organization/cityzenith,www.cityzenith.com,3D Technology,1
Yller,https://www.crunchbase.com/organization/yller,www.yller.com.br/,Dental,1
3Dux Medical Solutions,https://www.crunchbase.com/organization/3dux-medical-solutions,www.3dux.com.br/,Manufacturing,1
Variety Care,https://www.crunchbase.com/organization/variety-care,www.varietycare.org,Health Care,1
Twin Health,https://www.crunchbase.com/organization/twins-digital,twinhealth.com,Software,1
75F,https://www.crunchbase.com/organization/75-fahrenheit,75f.io,Facility Management,1
Adverity,https://www.crunchbase.com/organization/adverity,www.adverity.com,Data Visualization,1
Apero Health,https://www.crunchbase.com/organization/ap%C3%A9ro-health,www.aperohealth.com/,Wellness,1
Onogone,https://www.crunchbase.com/organization/onogone,www.onogone.com/,Big Data,1
Brex,https://www.crunchbase.com/organization/brex,brex.com,Credit Cards,1
Attest,https://www.crunchbase.com/organization/attest,askattest.com,SaaS,1
Grabango,https://www.crunchbase.com/organization/grabango,grabango.com,Machine Learning,1
35up,https://www.crunchbase.com/organization/35up,35up.com,E-Commerce,1
Idwall,https://www.crunchbase.com/organization/idwall,idwall.co/,Big Data,1
WhyLabs,https://www.crunchbase.com/organization/whylabs,whylabs.ai/,Computer,1
Fumajet,https://www.crunchbase.com/organization/fumajet,www.fumajet.com.br,Innovation Management,1
Jumio,https://www.crunchbase.com/organization/jumio,www.jumio.com,Artificial Intelligence,1
Medtrum,https://www.crunchbase.com/organization/medtrum,medtrum.com/,Medical,1
Blaize,https://www.crunchbase.com/organization/thinci,www.blaize.com,Artificial Intelligence,1
Alma Medical Imaging,https://www.crunchbase.com/organization/alma-medical-imaging,alma-medical.com/,Software,1
ActionIQ,https://www.crunchbase.com/organization/actioniq,www.actioniq.com,Analytics,1
Patriot Benefit Solutions,https://www.crunchbase.com/organization/patriot-benefit-solutions,www.patriotbenefit.com/,Employee Benefits,1
Glytec,https://www.crunchbase.com/organization/glytec,www.glytecsystems.com,Therapeutics,1
Cera,https://www.crunchbase.com/organization/cera,cerahq.com,Health Care,1
Cognata,https://www.crunchbase.com/organization/cognata,www.cognata.com,Automotive,1
Anestech – Innovation Rising,https://www.crunchbase.com/organization/anestech-innovation-rising,anestech.com.br/,Business Intelligence,1
Finch Computing,https://www.crunchbase.com/organization/syntho,www.finchcomputing.com,SaaS,1
Hevo Data,https://www.crunchbase.com/organization/hevodata,hevodata.com,Computer,1
Revieve,https://www.crunchbase.com/organization/revieve,www.revieve.com,E-Commerce,1
Bitglass,https://www.crunchbase.com/organization/bitglass,www.bitglass.com,Network Security,1
BrandShield,https://www.crunchbase.com/organization/brandshield,brandshield.com,Internet,1
MagicCube,https://www.crunchbase.com/organization/magiccube-inc,www.magiccube.co,Internet of Things,1
MphRx,https://www.crunchbase.com/organization/mphrx,www.mphrx.com,SaaS,1
Unitary,https://www.crunchbase.com/organization/unitary,unitary.ai,Artificial Intelligence,1
Datrics,https://www.crunchbase.com/organization/datrics,datrics.ai/,Software,1
Abacus.AI,https://www.crunchbase.com/organization/realityengines,abacus.ai/,Cloud Data Services,1
Plus,https://www.crunchbase.com/organization/plusai,plus.ai/,Autonomous Vehicles,1
BeLive,https://www.crunchbase.com/organization/belive,tech.belive.sg,Video Streaming,1
GoEPIK,https://www.crunchbase.com/organization/goepik,goepik.com.br/,Virtual Reality,1
Cognigy GmbH,https://www.crunchbase.com/organization/cognigy,www.cognigy.com,Virtual Assistant,1
SMILINK,https://www.crunchbase.com/organization/smilink,www.smilink.com.br/,Software,1
Tesorio,https://www.crunchbase.com/organization/tesorio,www.tesorio.com/,Financial Services,1
Master Bao,https://www.crunchbase.com/organization/baodashi,www.ibaodashi.com/,E-Commerce,1
PocketHealth,https://www.crunchbase.com/organization/pockethealth,pocket.health/,Health Care,1
Vue.ai,https://www.crunchbase.com/organization/vue-ai,vue.ai/,Artificial Intelligence,1
Laundryheap,https://www.crunchbase.com/organization/laundryheap,www.laundryheap.com,Laundry and Dry-cleaning,1
Karlsgate,https://www.crunchbase.com/organization/karlsgate,karlsgate.com/,Software,1
California Protons,https://www.crunchbase.com/organization/california-protons,www.californiaprotons.com/,Health Care,1
Adventr,https://www.crunchbase.com/organization/adventr,adventr.io/,Publishing,1
"Noodle Analytics, Inc. (Noodle.ai)",https://www.crunchbase.com/organization/noodle-analytics-inc-noodle-ai,noodle.ai/,Artificial Intelligence,1
Kinetic,https://www.crunchbase.com/organization/kinetic-2,www.wearkinetic.com,Wearables,1
Papa,https://www.crunchbase.com/organization/papa-technologies-llc,www.joinpapa.com,Nursing and Residential Care,1
Calling the doctor,https://www.crunchbase.com/organization/calling-the-doctor,www.llamandoaldoctor.com,Wellness,1
Alacriti,https://www.crunchbase.com/organization/alacriti,www.alacriti.com,Mobile Payments,1
TrueMotion,https://www.crunchbase.com/organization/censio,www.goTrueMotion.com,Computer Vision,1
Second Spectrum,https://www.crunchbase.com/organization/second-spectrum,www.secondspectrum.com/,Augmented Reality,1
Nowsta,https://www.crunchbase.com/organization/nowsta,nowsta.com,Enterprise Software,1
MedRoom,https://www.crunchbase.com/organization/medroom,www.medroom.com.br/,Education,1
CometChat,https://www.crunchbase.com/organization/cometchat,www.cometchat.com/,Communications Infrastructure,1
Sift Healthcare,https://www.crunchbase.com/organization/sift-medical-data,www.sifthealthcare.com/,Artificial Intelligence,1
Amazing Tech,https://www.crunchbase.com/organization/amazing-tech,amazingtecnologia.com.br,Health Care,1
Subtle Medical,https://www.crunchbase.com/organization/subtle-medical,subtlemedical.com/,Software,1
Vitta,https://www.crunchbase.com/organization/vitta,vitta.com.br/,SaaS,1
Blue Iguana Pools,https://www.crunchbase.com/organization/blue-iguana-pools,blueiguanapools.com,Professional Services,1
Karius,https://www.crunchbase.com/organization/karius,kariusdx.com,Information Technology,1
Leal,https://www.crunchbase.com/organization/leal,www.leal.co,E-Commerce,1
Aureus Analytics,https://www.crunchbase.com/organization/aureus-analytics,www.aureusanalytics.com,Machine Learning,1
Science 37,https://www.crunchbase.com/organization/science-37,science37.com,Clinical Trials,1
Osso VR,https://www.crunchbase.com/organization/osso-vr,ossovr.com,Virtual Reality,1
PROXXI,https://www.crunchbase.com/organization/proxxi,www.proxxi.co,Industrial,1
ClearSlide,https://www.crunchbase.com/organization/clearslide,clearslide.com,Marketing,1
Phield House,https://www.crunchbase.com/organization/phield-house,www.phieldhouse.com,Fitness,1
orderbird,https://www.crunchbase.com/organization/orderbird-ag,www.orderbird.com,Payments,1
Sweep,https://www.crunchbase.com/organization/sweep-d5fc,www.sweep.net,Environmental Engineering,1
IntelligenceBank,https://www.crunchbase.com/organization/intelligencebank,www.intelligencebank.com,Compliance,1
Ascend Money,https://www.crunchbase.com/organization/ascend-money,www.ascendmoneygroup.com,Payments,1
FourKites,https://www.crunchbase.com/organization/fourkites,www.fourkites.com/,Machine Learning,1
Pear Sports,https://www.crunchbase.com/organization/pear-sports,pearsports.com,Sports,1
Seoul Robotics,https://www.crunchbase.com/organization/seoul-robotics,seoulrobotics.org,Drones,1
Evigence Sensors,https://www.crunchbase.com/organization/evigence-sensors,evigence.com,Sensor,1
Consulta Já,https://www.crunchbase.com/organization/consulta-j%C3%A1,www.consultaja.com/,Health Care,1
MadeSolid,https://www.crunchbase.com/organization/madesolid,madesolid.com,Manufacturing,1
CyberMaxx,https://www.crunchbase.com/organization/cybermaxx,www.cybermaxx.com,Security,1
Aidoc,https://www.crunchbase.com/organization/aidoc,aidoc.com,Health Care,1
NowRx,https://www.crunchbase.com/organization/nowrx,www.nowrx.com,Pharmaceutical,1
CyberGRX,https://www.crunchbase.com/organization/cybergrx,www.cybergrx.com,Software,1
Radarr,https://www.crunchbase.com/organization/circus-social,www.radarr.com,Marketing,1
Openclaims,https://www.crunchbase.com/organization/open-claims,openclaims.com/,InsurTech,1
LifeOmic,https://www.crunchbase.com/organization/lifeomic,lifeomic.com,Health Care,1
GoDoc,https://www.crunchbase.com/organization/godoc,www.godoc.me,Health Care,1
Tipalti,https://www.crunchbase.com/organization/tipalti,tipalti.com,FinTech,1
Zenklub,https://www.crunchbase.com/organization/zenklub,www.zenklub.com.br,Psychology,1
IoTecha,https://www.crunchbase.com/organization/iotecha-corp,www.iotecha.com,Internet of Things,1
Zeni,https://www.crunchbase.com/organization/zeni,www.zeni.ai/,FinTech,1
eXate,https://www.crunchbase.com/organization/exate-technology,www.exate.com/,Software,1
Insitro,https://www.crunchbase.com/organization/insitro,www.insitro.com,Life Science,1
Qure AI,https://www.crunchbase.com/organization/qure-ai,qure.ai,Artificial Intelligence,1
Jobber,https://www.crunchbase.com/organization/jobber,getjobber.com,Small and Medium Businesses,1
Mollie,https://www.crunchbase.com/organization/mollie,www.mollie.com,Financial Services,1
Funnel,https://www.crunchbase.com/organization/funnel-operations,funnel.io/,Marketing,1
SightCall,https://www.crunchbase.com/organization/sightcall,www.sightcall.com/,Artificial Intelligence,1
SightCall,https://www.crunchbase.com/organization/sightcall,www.sightcall.com/,Cloud Computing,1
WSO2,https://www.crunchbase.com/organization/wso2,wso2.com,SaaS,1
ELCIES,https://www.crunchbase.com/organization/elcies,elcies.com,Artificial Intelligence,1
Clinia,https://www.crunchbase.com/organization/clinia,www.clinia.com,Health Care,1
Yabie,https://www.crunchbase.com/organization/kaching,www.yabie.com,Mobile Payments,1
Rosita Longevity,https://www.crunchbase.com/organization/rosita,www.rositalongevity.com/,Apps,1
Victory Health Partners,https://www.crunchbase.com/organization/victory-health-partners,www.victoryhealth.org,Wellness,1
Tealium,https://www.crunchbase.com/organization/tealium,www.tealium.com,Data Integration,1
iClinic,https://www.crunchbase.com/organization/iclinic,iclinic.com.br/,Health Care,1
Sift,https://www.crunchbase.com/organization/sift,sift.com,Network Security,1
Namogoo,https://www.crunchbase.com/organization/namogoo,www.namogoo.com/,Cyber Security,1
Valossa,https://www.crunchbase.com/organization/valossa,www.valossa.com,Search Engine,1
Alloy,https://www.crunchbase.com/organization/alloy-2,www.alloy.com,Identity Management,1
Avataar,https://www.crunchbase.com/organization/avataar-me,avataar.me,3D Technology,1
Tact.ai,https://www.crunchbase.com/organization/tactile,tact.ai,SaaS,1
InsideBoard,https://www.crunchbase.com/organization/insideboard,www.insideboard.com/,Human Resources,1
Osana,https://www.crunchbase.com/organization/kairos-salud,www.osanasalud.com,Health Care,1
Bitdeal - Bitcoin Exchange Script,https://www.crunchbase.com/organization/bitdeal-bitcoin-exchange-software,www.bitdeal.net/,B2B,1
CometChat,https://www.crunchbase.com/organization/cometchat,www.cometchat.com/,Video Chat,1
Didimo,https://www.crunchbase.com/organization/mydidimo,www.didimo.co,Virtual Reality,1
Zelros,https://www.crunchbase.com/organization/zelros,www.zelros.com/,Machine Learning,1
MyParents Israel,https://www.crunchbase.com/organization/myparents-israel,www.myparents.co.il/,Elder Care,1
NetDocuments,https://www.crunchbase.com/organization/netdocuments,netdocuments.com,Software,1
Lumitics,https://www.crunchbase.com/organization/lumitics,lumitics.com/,Big Data,1
Vivo Fitness,https://www.crunchbase.com/organization/summer,www.vivo.fitness,Health Care,1
Transworld Systems,https://www.crunchbase.com/organization/transworld-systems,www.tsico.com,Financial Services,1
Uniphore,https://www.crunchbase.com/organization/uniphore,www.uniphore.com,Machine Learning,1
Turnkey Lender,https://www.crunchbase.com/organization/turnkey-lender,www.turnkey-lender.com,FinTech,1
Maze-AR,https://www.crunchbase.com/organization/maze-ar,www.maze-ar.com,SaaS,1
Yotpo,https://www.crunchbase.com/organization/yotpo,www.yotpo.com,E-Commerce,1
TEM,https://www.crunchbase.com/organization/tem,www.meutem.com.br/,Health Care,1
OMEGA Informatique,https://www.crunchbase.com/organization/omega-informatique,omega-informatique.dyndns.org/,Software,1
BurnAlong,https://www.crunchbase.com/organization/burnalong,www.burnalong.com/,Employee Benefits,1
Academia Medica,https://www.crunchbase.com/organization/academia-m%C3%A9dica,academiamedica.com.br/,Pharmaceutical,1
Squirro,https://www.crunchbase.com/organization/squirro,squirro.com,Machine Learning,1
Sempre Tecnologia da Informação,https://www.crunchbase.com/organization/sempre-tecnologia-da-informa%C3%A7%C3%A3o,sempretecnologia.com.br/,Software,1
Abnormal Security,https://www.crunchbase.com/organization/abnormal-security,www.abnormalsecurity.com,Security,1
Lifelink,https://www.crunchbase.com/organization/lifelink-8db2,www.lifelink.org.uk/,Medical,1
WorkFusion,https://www.crunchbase.com/organization/crowdcomputing-systems,www.workfusion.com/,Artificial Intelligence,1
BigPay,https://www.crunchbase.com/organization/bigpay,www.bigpayme.com/,Banking,1
Eversight,https://www.crunchbase.com/organization/eversight,eversightlabs.com/,Retail,1
Sidecar,https://www.crunchbase.com/organization/sidecar,www.getsidecar.com,Big Data,1
Alacriti,https://www.crunchbase.com/organization/alacriti,www.alacriti.com,FinTech,1
Wunderkind (formerly BounceX),https://www.crunchbase.com/organization/bounce-exchange,www.wunderkind.co/,Software,1
Asuemi,https://www.crunchbase.com/organization/asuemi,asuemi.com/,Health Care,1
MākuSafe,https://www.crunchbase.com/organization/makusafe-corp,www.makusafe.com,SaaS,1
Industrial Decisions Japan,https://www.crunchbase.com/organization/industrial-decisions-japan,www.idijp.com/,Manufacturing,1
Rasa,https://www.crunchbase.com/organization/rasa,rasa.com,Virtual Assistant,1
Sharethrough,https://www.crunchbase.com/organization/district-m,www.sharethrough.com/,Digital Media,1
Voxie,https://www.crunchbase.com/organization/voxie-inc,www.voxie.com/,Advertising,1
TrialSpark,https://www.crunchbase.com/organization/trialspark,www.trialspark.com/,Health Care,1
eClinical Solutions,https://www.crunchbase.com/organization/eclinical-solutions,www.eclinicalsol.com,Pharmaceutical,1
FamilyDoc,https://www.crunchbase.com/organization/familydoc,www.familydoc.com.br,Apps,1
Healx,https://www.crunchbase.com/organization/healx,healx.io,Health Care,1
Seasoned.co,https://www.crunchbase.com/organization/seasoned-co,www.seasoned.co,Human Resources,1
Comet Enterprises,https://www.crunchbase.com/organization/comet-enterprises,www.cometenterprises.com/,Software,1
Apkudo,https://www.crunchbase.com/organization/apkudo,apkudo.com,E-Commerce Platforms,1
GlucoGear,https://www.crunchbase.com/organization/glucogear,www.glucogear.io,Medical Device,1
Krankenhaus,https://www.crunchbase.com/organization/krankenhaus-0e46,www.meinkrankenhaus2030.de,Health Care,1
Marketplacer,https://www.crunchbase.com/organization/marketplacer,marketplacer.com/,Software,1
Affimed,https://www.crunchbase.com/organization/affimed-therapeutics,www.affimed.com/,Medical,1
Aquarium,https://www.crunchbase.com/organization/aquarium,www.aquariumlearning.com/,Developer APIs,1
BlazeMeter,https://www.crunchbase.com/organization/blazemeter,blazemeter.com,PaaS,1
Feedzai,https://www.crunchbase.com/organization/feedzai,www.feedzai.com,Analytics,1
Teralytics,https://www.crunchbase.com/organization/teralytics,www.teralytics.net,Cyber Security,1
Omneky,https://www.crunchbase.com/organization/omneky,www.omneky.com,Predictive Analytics,1
Uber Freight,https://www.crunchbase.com/organization/uber-freight,www.uber.com,Supply Chain Management,1
Autaza Tecnologia,https://www.crunchbase.com/organization/autaza-tecnologia,www.autaza.com,Information Technology,1
Petuum,https://www.crunchbase.com/organization/petuum,www.petuum.com/,Software,1
Innovcare Lifesciences,https://www.crunchbase.com/organization/innovcare-lifesciences-pvt-ltd,www.innovcare.in/,Health Care,1
Zesty.ai,https://www.crunchbase.com/organization/zesty-ai,zesty.ai,Software,1
Reap,https://www.crunchbase.com/organization/reap,www.reap.global,FinTech,1
Rachio,https://www.crunchbase.com/organization/rachio,rachio.com/,Internet,1
3778,https://www.crunchbase.com/organization/3778,3778.care/,Health Care,1
Quantexa,https://www.crunchbase.com/organization/quantexa,www.quantexa.com,Artificial Intelligence,1
Apella Technology,https://www.crunchbase.com/organization/apella-technology,apella.io/,Medical,1
Kiwibot,https://www.crunchbase.com/organization/kiwi-campus,www.kiwibot.com/,Robotics,1
Labelbox,https://www.crunchbase.com/organization/labelbox,labelbox.com,Software,1
Agritask,https://www.crunchbase.com/organization/scantask,www.agritask.com,SaaS,1
Bitsensing,https://www.crunchbase.com/organization/bitsensing,www.bitsensing.com,Internet of Things,1
OMINT,https://www.crunchbase.com/organization/omint,www.omint.com.ar,Medical,1
Push Doctor,https://www.crunchbase.com/organization/push-doctor,www.PushDoctor.co.uk,Health Diagnostics,1
ftcash,https://www.crunchbase.com/organization/ft-cash,www.ftcash.com,Banking,1
Cerebri AI,https://www.crunchbase.com/organization/cerebri-ai,www.cerebriai.com,Enterprise Software,1
Hyro,https://www.crunchbase.com/organization/airbud-technologies-inc,www.hyro.ai/,Artificial Intelligence,1
HypnoVR,https://www.crunchbase.com/organization/hypno-vr,hypnovr.io,Health Care,1
Lin Health,https://www.crunchbase.com/organization/lin-health,www.lin.health/,Health Care,1
Sanity,https://www.crunchbase.com/organization/sanity,sanity.io,SaaS,1
ZeroEyes,https://www.crunchbase.com/organization/zeroeyes,zeroeyes.com/,Video,1
Trainual,https://www.crunchbase.com/organization/trainual,www.trainual.com,Small and Medium Businesses,1
Bcare - Gestao de Negocios em Saude,https://www.crunchbase.com/organization/bcare-gestao-de-negocios-em-saude,,Pharmaceutical,1
Nuvei,https://www.crunchbase.com/organization/safecharge-international-group,safecharge.com,FinTech,1
Guru,https://www.crunchbase.com/organization/guru-technologies,www.getguru.com,SaaS,1
Evo2Gether,https://www.crunchbase.com/organization/evo2gether,www.evo2g.co/,B2C,1
Onlive.site,https://www.crunchbase.com/organization/onlive-site,onlive.site,E-Commerce,1
HighRadius,https://www.crunchbase.com/organization/highradius,www.highradius.com,Software,1
Librestream Technologies,https://www.crunchbase.com/organization/librestream-technologies-inc,www.librestream.com,Video,1
Optable,https://www.crunchbase.com/organization/optable,optable.co,SaaS,1
DroneUp,https://www.crunchbase.com/organization/droneup,droneup.com,Drone Management,1
1Password,https://www.crunchbase.com/organization/1password,1password.com,Cyber Security,1
Patientco,https://www.crunchbase.com/organization/patientco,www.patientco.com,Medical,1
Treatwell,https://www.crunchbase.com/organization/treatwell-nl,www.treatwell.com,Health Care,1
Saude Vianet,https://www.crunchbase.com/organization/saude-vianet,saudevianet.com.br/,Information Technology,1
Syapse,https://www.crunchbase.com/organization/syapse,syapse.com/,Information Technology,1
CUCO Health,https://www.crunchbase.com/organization/cuco-health,www.cucohealth.com/,Health Care,1
1Password,https://www.crunchbase.com/organization/1password,1password.com,Network Security,1
ujet.cx,https://www.crunchbase.com/organization/ujet,ujet.cx,Information Technology,1
Avus,https://www.crunchbase.com/organization/avus,www.avuscard.com.br/,Fitness,1
Synthesia,https://www.crunchbase.com/organization/synthesia,www.synthesia.io,Artificial Intelligence,1
Obsess,https://www.crunchbase.com/organization/obsess,www.obsessAR.com/,Retail,1
consultorio.com,https://www.crunchbase.com/organization/consultorio-com,consultorio.com/,Wellness,1
Yimidida,https://www.crunchbase.com/organization/yimidida,www.yimidida.com/,Productivity Tools,1
RELAYTO Document Experience Platform,https://www.crunchbase.com/organization/relayto,relayto.com,Content Marketing,1
Koios Medical,https://www.crunchbase.com/organization/koios-medical,koiosmedical.com/,Computer,1
Shelfie Robot,https://www.crunchbase.com/organization/shelfie,shelfierobot.com/,Software,1
PopID,https://www.crunchbase.com/organization/popid,www.popid.com/,Software,1
Bem.care,https://www.crunchbase.com/organization/bem-care,bem.care/,Health Insurance,1
PatientPop,https://www.crunchbase.com/organization/patientpop,www.patientpop.com,Health Care,1
Monte Carlo,https://www.crunchbase.com/organization/monte-carlo-3232,www.montecarlodata.com/,Enterprise Software,1
1Password,https://www.crunchbase.com/organization/1password,1password.com,Privacy,1
Ro,https://www.crunchbase.com/organization/roman-2,www.ro.co,Health Care,1
NEXA3D,https://www.crunchbase.com/organization/nexa3d,www.nexa3d.com,3D Technology,1
Certona,https://www.crunchbase.com/organization/certona,www.certona.com,Artificial Intelligence,1
Domino Data Lab,https://www.crunchbase.com/organization/domino-data-lab,www.dominodatalab.com,Artificial Intelligence,1
ENOUGH,https://www.crunchbase.com/organization/3fbio,www.enough-food.com,Food and Beverage,1
bdeo,https://www.crunchbase.com/organization/bdeo,www.bdeo.io,Blockchain,1
Annex Cloud,https://www.crunchbase.com/organization/annex-cloud,www.annexcloud.com/,SaaS,1
Spring Health,https://www.crunchbase.com/organization/spring-care,www.springhealth.com,Health Care,1
ORIG3N,https://www.crunchbase.com/organization/orig3n,www.orig3n.com,Biotechnology,1
Infobip,https://www.crunchbase.com/organization/gupshup-technology-india-pvt-ltd,www.infobip.com,Messaging,1
MedChart,https://www.crunchbase.com/organization/medchart-inc,www.medchart.ca/,Medical,1
Sequiet Labs,https://www.crunchbase.com/organization/sequietlabs,sequietlabs.io,Cryptocurrency,1
OSIsoft,https://www.crunchbase.com/organization/osisoft,www.osisoft.com,Software,1
Braive,https://www.crunchbase.com/organization/braive,braive.com/,Psychology,1
Montoux,https://www.crunchbase.com/organization/montoux,montoux.com,Predictive Analytics,1
Bold Health,https://www.crunchbase.com/organization/bold-health,boldhealth.com,Therapeutics,1
Sharethrough,https://www.crunchbase.com/organization/district-m,www.sharethrough.com/,Digital Marketing,1
Yixiaoshi Kuaixiu,https://www.crunchbase.com/organization/yixiaoshi-kuaixiu,join.01hour.com/,Consumer,1
Yottaa,https://www.crunchbase.com/organization/yottaa,www.yottaa.com,E-Commerce Platforms,1
Redkik Inc.,https://www.crunchbase.com/organization/redkik,www.redkik.com/,Insurance,1
Factors.AI,https://www.crunchbase.com/organization/factors-ai,www.factors.ai,Software,1
IntelligenceBank,https://www.crunchbase.com/organization/intelligencebank,www.intelligencebank.com,Software,1
Feel Therapeutics,https://www.crunchbase.com/organization/feel-therapeutics-inc,www.myfeel.co,Health Care,1
BigML,https://www.crunchbase.com/organization/bigml,bigml.com,Predictive Analytics,1
Writer,https://www.crunchbase.com/organization/writer,writer.com,Natural Language Processing,1
Neurolabs,https://www.crunchbase.com/organization/neurolabs,www.neurolabs.ai,Artificial Intelligence,1
Covariant,https://www.crunchbase.com/organization/covariant,covariant.ai,Machine Learning,1
Medpick,https://www.crunchbase.com/organization/medpick,www.medpick.in/,Medical Device,1
Aurora Labs,https://www.crunchbase.com/organization/aurora-labs,www.auroralabs.com/,Artificial Intelligence,1
Buoy Health,https://www.crunchbase.com/organization/buoy-health,www.buoyhealth.com,Health Care,1
CommerceIQ,https://www.crunchbase.com/organization/commerceiq,commerceiq.ai,Analytics,1
TVSquared,https://www.crunchbase.com/organization/tvsquared,www.tvsquared.com/,Marketing,1
Mediktor,https://www.crunchbase.com/organization/teckel-medical,www.mediktor.com/,Health Care,1
The Exploration Company,https://www.crunchbase.com/organization/the-exploration-company,exploration.space/,Aerospace,1
Banjo Health,https://www.crunchbase.com/organization/banjo-health,www.banjohealth.com,Artificial Intelligence,1
Robocorp,https://www.crunchbase.com/organization/robocorp,robocorp.com/,Open Source,1
Amino Health,https://www.crunchbase.com/organization/amino-health,aminohealth.se,Health Care,1
Featurespace,https://www.crunchbase.com/organization/featurespace,www.featurespace.com/,Risk Management,1
tethr,https://www.crunchbase.com/organization/tethr-5777,www.tethr.men/,Wellness,1
Zest AI,https://www.crunchbase.com/organization/zestfinance?source=post_page---------------------------,zest.ai,Machine Learning,1
ASENSEI,https://www.crunchbase.com/organization/asensei,www.asensei.ai,Health Care,1
BioIntelliSense,https://www.crunchbase.com/organization/biointellisense,www.biointellisense.com/,Health Care,1
NuraLogix Corporation,https://www.crunchbase.com/organization/nuralogix-corporation,nuralogix.ai/,Machine Learning,1
Validic,https://www.crunchbase.com/organization/validic,validic.com,Apps,1
Powerhouse Dynamics,https://www.crunchbase.com/organization/powerhouse-dynamics,powerhousedynamics.com,Internet of Things,1
Ladder,https://www.crunchbase.com/organization/ladder-2,www.ladderlife.com,InsurTech,1
Tact.ai,https://www.crunchbase.com/organization/tactile,tact.ai,Life Science,1
MPS Cloud,https://www.crunchbase.com/organization/mps-cloud,mpscloud.com.br,Medical,1
Sonnen,https://www.crunchbase.com/organization/sonnenbatterie,sonnenusa.com/en,Clean Energy,1
TechSee,https://www.crunchbase.com/organization/techsee,www.techsee.me,Computer Vision,1
Incent,https://www.crunchbase.com/organization/incent,www.incent.com,Software,1
Didimo,https://www.crunchbase.com/organization/mydidimo,www.didimo.co,3D Technology,1
Smartvid io,https://www.crunchbase.com/organization/smartvid-io,www.smartvid.io/,Software,1
Nivo1,https://www.crunchbase.com/organization/nivo1,www.nivo1.com,Enterprise Software,1
Poka,https://www.crunchbase.com/organization/poka-inc,www.poka.io,Skill Assessment,1
Nexo,https://www.crunchbase.com/organization/nexo-0ab2,nexo.io/,Banking,1
ConsultaClick,https://www.crunchbase.com/organization/consultaclick-com-brazil,www.consultaclick.com.br/,Health Care,1
ForeScout Technologies,https://www.crunchbase.com/organization/forescout,www.forescout.com,Cloud Security,1
Capsule,https://www.crunchbase.com/organization/capsule-3,capsule.com/,Retail,1
Everactive,https://www.crunchbase.com/organization/everactive,www.everactive.com,Cloud Data Services,1
Perimeter 81,https://www.crunchbase.com/organization/perimeter-81,www.perimeter81.com,Cyber Security,1
Raydiant,https://www.crunchbase.com/organization/raydiant,www.raydiant.com,Digital Signage,1
Robin Healthcare,https://www.crunchbase.com/organization/robin-healthcare,www.robinhealthcare.com/,Medical,1
Dental Direct,https://www.crunchbase.com/organization/dental-direct,www.dentaldirect.com.br,Dental,1
AliveCor,https://www.crunchbase.com/organization/alivecor,alivecor.com,Health Care,1
Heyday AI,https://www.crunchbase.com/organization/heyday,heyday.ai/,E-Commerce,1
YogIN App,https://www.crunchbase.com/organization/yogin-app,www.YogINApp.com/,Customer Service,1
MaestroQA,https://www.crunchbase.com/organization/adtrib,www.maestroqa.com,SaaS,1
i9access,https://www.crunchbase.com/organization/i9access,www.i9access.com.br,Health Care,1
Freterium,https://www.crunchbase.com/organization/freterium,www.freterium.com,Logistics,1
Ponto de Saúde,https://www.crunchbase.com/organization/ponto-de-sa%C3%BAde,pontodesaude.com.br/,Fitness,1
NightWare,https://www.crunchbase.com/organization/nightware,www.nightware.com/,iOS,1
Montoux,https://www.crunchbase.com/organization/montoux,montoux.com,Life Insurance,1
Clarus RCM,https://www.crunchbase.com/organization/clarus-rcm,www.clarusrcm.com,Outsourcing,1
IMAX Program,https://www.crunchbase.com/organization/imax-program,imaxprogram.com/,EdTech,1
Amanogawa Hospital,https://www.crunchbase.com/organization/amanogawa-hospital,amanokawa.or.jp,Consulting,1
Soul Machines,https://www.crunchbase.com/organization/soul-machines,soulmachines.com,E-Learning,1
Canguru,https://www.crunchbase.com/organization/canguru,www.canguru.life,Health Care,1
MAPEGY,https://www.crunchbase.com/organization/mapegy,www.mapegy.com,Predictive Analytics,1
Herbie.ai,https://www.crunchbase.com/organization/herbie-ai,www.herbie.ai,Messaging,1
Ro,https://www.crunchbase.com/organization/roman-2,www.ro.co,Health Diagnostics,1
Supera Farma,https://www.crunchbase.com/organization/supera-farma,superafarma.com.br,Health Care,1
Uhnder,https://www.crunchbase.com/organization/uhnder,uhnder.com,Apps,1
Arya.ai,https://www.crunchbase.com/organization/arya-ai,arya.ai,PaaS,1
Orion Labs,https://www.crunchbase.com/organization/orion-labs,www.orionlabs.io,Software,1
Cymbio,https://www.crunchbase.com/organization/cymbio,www.cym.bio,E-Commerce,1
ChainCargo,https://www.crunchbase.com/organization/chaincargo,www.chaincargo.eu/,Logistics,1
Triagil,https://www.crunchbase.com/organization/triagil,www.triagil.com.br/,Health Care,1
Edge Case Research,https://www.crunchbase.com/organization/edge-case-research,www.ecr.ai/,Artificial Intelligence,1
SKY ENGINE AI,https://www.crunchbase.com/organization/sky-engine,www.skyengine.ai,Enterprise Software,1
Korbit Technologies,https://www.crunchbase.com/organization/korbit-ai,www.korbit.ai,Software,1
Grow Therapy,https://www.crunchbase.com/organization/grow-therapy,growtherapy.com/,Health Care,1
Promo.com,https://www.crunchbase.com/organization/promocom,promo.com,Social Media Marketing,1
Balto,https://www.crunchbase.com/organization/balto-software,balto.ai,Software,1
BcnInnova,https://www.crunchbase.com/organization/bcninnova,www.bcninnova.com/,Medical,1
TrueClaim,https://www.crunchbase.com/organization/trueclaim,trueclaimhealth.com/,Medical,1
WebMed,https://www.crunchbase.com/organization/webmed,www.webmedbr.com.br,Cloud Infrastructure,1
Apella Technology,https://www.crunchbase.com/organization/apella-technology,apella.io/,Health Care,1
Akeptus,https://www.crunchbase.com/organization/akeptus,www.akeptus.com/,Home Improvement,1
Intertech Ci,https://www.crunchbase.com/organization/intertech-security-llc,www.intertechci.com/,Cyber Security,1
Netacea,https://www.crunchbase.com/organization/netacea,www.netacea.com/,Security,1
Suki,https://www.crunchbase.com/organization/sukihq,www.suki.ai,Artificial Intelligence,1
Caspar.AI,https://www.crunchbase.com/organization/brain-of-things,caspar.ai,Real Estate,1
"findhelp, a Public Benefit Corporation",https://www.crunchbase.com/organization/findhelp,company.findhelp.com,Computer,1
Shukun Technology,https://www.crunchbase.com/organization/shukun-technology,www.shukun.net,Machine Learning,1
Healthcare Data Solutions,https://www.crunchbase.com/organization/healthcare-data-solutions-2,www.healthcaredatasolutions.com/,Health Care,1
Keeeb,https://www.crunchbase.com/organization/keeeb,www.keeeb.com,Enterprise Software,1
Onetechway,https://www.crunchbase.com/organization/onetechway,www.onetechway.in/,Consulting,1
Quickbase,https://www.crunchbase.com/organization/quickbase,quickbase.com/,Information Technology,1
DigitalOwl,https://www.crunchbase.com/organization/digitalowl,www.digitalowl.com/,Life Insurance,1
Aquarium,https://www.crunchbase.com/organization/aquarium,www.aquariumlearning.com/,Information Technology,1
gamiphy,https://www.crunchbase.com/organization/gamiphy,www.gamiphy.co/,Marketing,1
Albert Technologies,https://www.crunchbase.com/organization/albert-technologies-ltd,www.albert.ai,Marketing,1
Vivo,https://www.crunchbase.com/organization/vivo-af74,teamvivo.com,Wellness,1
Central de Laudos,https://www.crunchbase.com/organization/central-de-laudos,centrallaudos.com.br/,Information Services,1
MOJIO,https://www.crunchbase.com/organization/mojio,moj.io,iOS,1
Xandar Kardian,https://www.crunchbase.com/organization/xandarkardian,www.xkcorp.com,Information Services,1
Diveplane,https://www.crunchbase.com/organization/mostly-ai,www.diveplane.com,Machine Learning,1
LightUp,https://www.crunchbase.com/organization/lightup,www.lightup.io,Software,1
PredictSpring,https://www.crunchbase.com/organization/predictspring,www.predictspring.com,Software,1
Audioburst,https://www.crunchbase.com/organization/audioburst,www.audioburst.com/,Internet,1
DOCTON,https://www.crunchbase.com/organization/docton,,Human Resources,1
Validity Sensors,https://www.crunchbase.com/organization/validity,www.validityinc.com/,Biometrics,1
3D Robotics,https://www.crunchbase.com/organization/3d-robotics,3dr.com/,Robotics,1
WTWZ,https://www.crunchbase.com/organization/wtwz,www.wtwzradio.com/,Internet Radio,1
Cleerly,https://www.crunchbase.com/organization/cleerly,cleerlyhealth.com/,Health Care,1
Outra,https://www.crunchbase.com/organization/outra,outra.co.uk/,Analytics,1
Wunder Mobility,https://www.crunchbase.com/organization/wundermobility,www.wundermobility.com/,Fleet Management,1
Pongo,https://www.crunchbase.com/organization/pongoai,joinpongo.com,B2B,1
Interactions,https://www.crunchbase.com/organization/interactions,www.interactions.com,Artificial Intelligence,1
Area 1 Security,https://www.crunchbase.com/organization/area-1-security,www.area1security.com/,Cyber Security,1
Pomelo Health,https://www.crunchbase.com/organization/chronometriq,www.pomelohealth.com/,Health Care,1
RightWatts Solutions,https://www.crunchbase.com/organization/rightwatts-solutions,www.rightwatts.com,Apps,1
Peloton Technology,https://www.crunchbase.com/organization/peloton-technology,www.peloton-tech.com,Fleet Management,1
Lattice Engines,https://www.crunchbase.com/organization/lattice-engines,www.lattice-engines.com,CRM,1
Censinet,https://www.crunchbase.com/organization/censinet,www.censinet.com,Health Care,1
Faire,https://www.crunchbase.com/organization/indigo-fair,www.faire.com,E-Commerce,1
Anagram,https://www.crunchbase.com/organization/anagramcare,anagram.care/,Insurance,1
Burd Health,https://www.crunchbase.com/organization/burd-health,burdhealth.com/,Employee Benefits,1
Novel,https://www.crunchbase.com/organization/novel,www.novelincorporated.com,Finance,1
MaintainX,https://www.crunchbase.com/organization/maintainx,www.getmaintainx.com/,Asset Management,1
Bitglass,https://www.crunchbase.com/organization/bitglass,www.bitglass.com,Cloud Computing,1
Stonly,https://www.crunchbase.com/organization/stonly,stonly.com,Software,1
nThrive,https://www.crunchbase.com/organization/nthrive,www.nthrive.com/,Health Care,1
Ascend Money,https://www.crunchbase.com/organization/ascend-money,www.ascendmoneygroup.com,Business Development,1
WorkHound,https://www.crunchbase.com/organization/workhound,workhound.com,Real Time,1
Beewise,https://www.crunchbase.com/organization/beewise-29a6,www.beewise.ag,Agriculture,1
3DLOOK,https://www.crunchbase.com/organization/3dlook,3dlook.me,Personalization,1
INGOH,https://www.crunchbase.com/organization/ingoh,ingoh.com.br/,Professional Services,1
Wellframe,https://www.crunchbase.com/organization/wellframe,www.wellframe.com,Lifestyle,1
Yellowfin,https://www.crunchbase.com/organization/yellowfin-bi,www.yellowfinbi.com/,Software,1
YikYok,https://www.crunchbase.com/organization/yikyok,,Manufacturing,1
Bitski,https://www.crunchbase.com/organization/bitski,www.bitski.com,Apps,1
Picsart,https://www.crunchbase.com/organization/picsart,picsart.com/,Video Editing,1
ScopeAR,https://www.crunchbase.com/organization/scopear,ScopeAR.com/,Software,1
Flow Commerce,https://www.crunchbase.com/organization/flow-8,www.flow.io,E-Commerce,1
Explosion AI,https://www.crunchbase.com/organization/explosion-ai,explosion.ai,Software,1
Alto Pharmacy,https://www.crunchbase.com/organization/scriptdash,www.alto.com/,Consumer,1
Fitternity,https://www.crunchbase.com/organization/fitternity,www.fitternity.com/,Fitness,1
Scanalytics,https://www.crunchbase.com/organization/scanalytics,www.scanalyticsinc.com,Enterprise Software,1
Senfio,https://www.crunchbase.com/organization/senfio,www.senfio.com/,Software,1
Enzyvant Sciences,https://www.crunchbase.com/organization/enzyvant-sciences,www.enzyvant.com/,Health Care,1
Equilibrium Health,https://www.crunchbase.com/organization/equilibrium-health,www.equilibriumhealthgc.com.au,Health Care,1
siosLIFE,https://www.crunchbase.com/organization/sioslife,sioslife.com/,Software,1
SAS Retail Services,https://www.crunchbase.com/organization/sas-retail-services,www.sasretail.com/,E-Commerce Platforms,1
Codex DNA,https://www.crunchbase.com/organization/sgi-dna,codexdna.com/,Life Science,1
Earnix,https://www.crunchbase.com/organization/earnix,www.earnix.com,Analytics,1
dotData,https://www.crunchbase.com/organization/dotdata,dotdata.com,Machine Learning,1
Consulta Remédios,https://www.crunchbase.com/organization/consulta-rem%C3%A9dios,consultaremedios.com.br,Health Care,1
Cityzenith,https://www.crunchbase.com/organization/cityzenith,www.cityzenith.com,Information Technology,1
Phood,https://www.crunchbase.com/organization/phood,www.phoodsolutions.com,Software,1
MEGVII,https://www.crunchbase.com/organization/megvii-technology,www.megvii.com/,Machine Learning,1
Pentera,https://www.crunchbase.com/organization/pcysys,www.pentera.io,Penetration Testing,1
Antidote.me,https://www.crunchbase.com/organization/antidote-me,www.antidote.me,Pharmaceutical,1
Novadiscovery,https://www.crunchbase.com/organization/novadiscovery,www.novadiscovery.com,Health Care,1
MagicCube,https://www.crunchbase.com/organization/magiccube-inc,www.magiccube.co,Point of Sale,1
Recurly,https://www.crunchbase.com/organization/recurly,recurly.com,SaaS,1
Eden Health,https://www.crunchbase.com/organization/eden-health,edenhealth.com/,Employee Benefits,1
Elligo Health Research,https://www.crunchbase.com/organization/elligo-health-research,www.elligohealthresearch.com/,Biotechnology,1
Somnoware Healthcare Systems,https://www.crunchbase.com/organization/somnoware-healthcare-systems,www.somnoware.com,Health Care,1
Graphcore,https://www.crunchbase.com/organization/graphcore,www.graphcore.ai/,Artificial Intelligence,1
Intersystems,https://www.crunchbase.com/organization/intersystems-2,www.intersystems.com/,Software,1
Playvox,https://www.crunchbase.com/organization/playvox,playvox.com,Application Performance Management,1
Eko,https://www.crunchbase.com/organization/eko-health,ekohealth.com,Artificial Intelligence,1
Abra,https://direct.crunchbase.com/organization/abra,abra.com,Blockchain,1
Fitzabout,https://www.crunchbase.com/organization/fitzabout,www.fitzabout.com,Health Care,1
Healthbit,https://www.crunchbase.com/organization/healthbit,healthbit.be,Software,1
Meplis,https://www.crunchbase.com/organization/meplisnv,meplis.com/,mHealth,1
Heyday AI,https://www.crunchbase.com/organization/heyday,heyday.ai/,Social Media Management,1
Yes Health,https://www.crunchbase.com/organization/yes-health,www.yeshealth.com,Health Care,1
Blackbuck,https://www.crunchbase.com/organization/zinka-logistics,www.blackbuck.com,Supply Chain Management,1
Matillion,https://www.crunchbase.com/organization/matillion,www.matillion.com,SaaS,1
St. Luke's Hospital,https://www.crunchbase.com/organization/st-luke-s-hospital-3dfb,www.saolucas.com.br,Medical,1
Dog Health Scout,https://www.crunchbase.com/organization/dog-health-scout,doghealthscout.com,Information Services,1
Sensorweb,https://www.crunchbase.com/organization/sensorweb,www.sensorweb.com.br/,Wearables,1
Paradox Retail,https://www.crunchbase.com/organization/paradox-retail,www.paradoxretail.com/,Marketing,1
Woebot Health,https://www.crunchbase.com/organization/woebot-labs,woebothealth.com/,Artificial Intelligence,1
AInnovation,https://www.crunchbase.com/organization/ainnovation,www.ainnovation.com/,Information Technology,1
Zenjob,https://www.crunchbase.com/organization/zenjob,www.zenjob.com,Employment,1
Royalty Exchange,https://www.crunchbase.com/organization/the-royalty-exchange,www.royaltyexchange.com,Finance,1
Monitor,https://www.crunchbase.com/organization/monitor-a74c,www.monitor-plus.org,Information Technology,1
Bitglass,https://www.crunchbase.com/organization/bitglass,www.bitglass.com,Cloud Security,1
Hinge Health,https://www.crunchbase.com/organization/hinge-health,hingehealth.com,Health Care,1
Gedyt,https://www.crunchbase.com/organization/gedyt,www.gedyt.com.ar,Personal Health,1
HECCO Technologies Inc (Prescribe),https://www.crunchbase.com/organization/prescribe-wellnexus-technologies-pvt-ltd,www.heyprescribe.com,Health Care,1
aifora,https://www.crunchbase.com/organization/aifora,www.aifora.com/,SaaS,1
Zetane Systems,https://www.crunchbase.com/organization/zetane-systems-inc,www.zetane.com,Predictive Analytics,1
mx51,https://www.crunchbase.com/organization/mx51,www.mx51.io/,Financial Services,1
Sync.com,https://www.crunchbase.com/organization/syncus,www.sync.com,Software,1
Featurespace,https://www.crunchbase.com/organization/featurespace,www.featurespace.com/,Artificial Intelligence,1
Konduto,https://www.crunchbase.com/organization/konduto,www.konduto.com/,Information Technology,1
Promo.com,https://www.crunchbase.com/organization/promocom,promo.com,Photography,1
Fortify,https://www.crunchbase.com/organization/3dfortify,www.3dfortify.com,3D Printing,1
Yes Health,https://www.crunchbase.com/organization/yes-health,www.yeshealth.com,Personal Health,1
Cara Care,https://www.crunchbase.com/organization/cara,cara.care,Health Care,1
Convoy,https://www.crunchbase.com/organization/convoy-3,convoy.com,Freight Service,1
Atollogy,https://www.crunchbase.com/organization/atollogy,atollogy.com,Manufacturing,1
TreatMee,https://www.crunchbase.com/organization/treatmee,www.treatmee.com,Health Care,1
BrandShield,https://www.crunchbase.com/organization/brandshield,brandshield.com,Cyber Security,1
Flashpoint,https://www.crunchbase.com/organization/flashpoint-intel,www.flashpoint.io,Cyber Security,1
Skylab Apps,https://www.crunchbase.com/organization/skylab-apps,skylab.world/,Apps,1
Elsa,https://www.crunchbase.com/organization/elsa,elsaspeak.com,Mobile Apps,1
MessageBird,https://www.crunchbase.com/organization/messagebird,www.messagebird.com/,Enterprise Software,1
Pando,https://www.crunchbase.com/organization/connected-healthcare,hellopando.com,mHealth,1
P3 Health Partners,https://www.crunchbase.com/organization/p3-health-group,p3hp.org/,Medical Device,1
Viz,https://www.crunchbase.com/organization/viz,www.viz.ai,Software,1
TandemAI,https://www.crunchbase.com/organization/tandemai,www.tandemai.com/,Biotechnology,1
Mendel.ai,https://www.crunchbase.com/organization/mendel-health,mendel.ai/,Analytics,1
Cíngulo,https://www.crunchbase.com/organization/c%C3%ADngulo,www.cingulo.com/,Mobile Apps,1
Afresh,https://www.crunchbase.com/organization/afresh-technologies,afresh.com,Agriculture,1
Vayyar,https://www.crunchbase.com/organization/vayyar,www.vayyar.com,Sensor,1
HealthVerity,https://www.crunchbase.com/organization/healthverity,healthverity.com,Information Services,1
Kalido,https://www.crunchbase.com/organization/kalido-2,www.kalido.me,Employment,1
Finch Computing,https://www.crunchbase.com/organization/syntho,www.finchcomputing.com,Big Data,1
Valossa,https://www.crunchbase.com/organization/valossa,www.valossa.com,Information Technology,1
HYPR,https://www.crunchbase.com/organization/hyprcorp,www.hypr.com/,Cyber Security,1
Genies,https://www.crunchbase.com/organization/blend-systems,genies.com,Media and Entertainment,1
Embr Labs,https://www.crunchbase.com/organization/embr-labs,www.embrlabs.com,Wearables,1
Metrikus,https://www.crunchbase.com/organization/metrikus,metrikus.io/,Health Care,1
Cohesity,https://www.crunchbase.com/organization/cohesity,www.cohesity.com,Information Technology,1
Spring Labs,https://www.crunchbase.com/organization/spring-labs,www.springlabs.com/,Financial Services,1
Attabotics,https://www.crunchbase.com/organization/attabotics,www.attabotics.com/,Software,1
Aquarium,https://www.crunchbase.com/organization/aquarium,www.aquariumlearning.com/,Software,1
Oversight,https://www.crunchbase.com/organization/oversight-systems,www.oversight.com/,Software,1
Headspace Health,https://www.crunchbase.com/organization/headspace,www.headspacehealth.com,Training,1
HireVue,https://www.crunchbase.com/organization/hirevue,www.hirevue.com,Software,1
Kognition,https://www.crunchbase.com/organization/kognition,www.kognition.ai,Blockchain,1
DarwinAI,https://www.crunchbase.com/organization/darwinai,darwinai.com,Machine Learning,1
Lightmatter,https://www.crunchbase.com/organization/lightmatter-inc,lightmatter.co/,Artificial Intelligence,1
Verikai,https://www.crunchbase.com/organization/verikai,www.verikai.com/,Computer,1
RapidMiner,https://www.crunchbase.com/organization/rapidminer,www.rapidminer.com,Predictive Analytics,1
Clinicorp,https://www.crunchbase.com/organization/clinicorp,www.clinicorp.com/,Intelligent Systems,1
DataScava,https://www.crunchbase.com/organization/datascava,datascava.com/,Information Technology,1
Labelfuse,https://www.crunchbase.com/organization/labelfuse,labelfuse.com,Image Recognition,1
Lunit,https://www.crunchbase.com/organization/lunit-inc,www.lunit.io,Computer Vision,1
Mind Foundry,https://www.crunchbase.com/organization/mind-foundry,mindfoundry.ai/,Finance,1
3DLOOK,https://www.crunchbase.com/organization/3dlook,3dlook.me,Machine Learning,1
The Desire Company,https://www.crunchbase.com/organization/desireilst,thedesirecompany.com/,Internet,1
Privitar,https://www.crunchbase.com/organization/privitar,www.privitar.com,Enterprise Software,1
CloudFactory,https://www.crunchbase.com/organization/cloudfactory,cloudfactory.com,Computer Vision,1
Attendify,https://www.crunchbase.com/organization/attendify,attendify.com,Events,1
Plivo,https://www.crunchbase.com/organization/plivo,www.plivo.com,Audio,1
FoodLogiQ,https://www.crunchbase.com/organization/foodlogiq,www.foodlogiq.com/,Productivity Tools,1
ShipHero,https://www.crunchbase.com/organization/shiphero,shiphero.com,E-Commerce,1
TopOPPS,https://www.crunchbase.com/organization/topopps,www.topopps.com,CRM,1
doc2doc,https://www.crunchbase.com/organization/doc2doc,www.doc2doc.com.br,Health Care,1
Connect Health,https://www.crunchbase.com/organization/connect-health,www.connecthealth.co.uk/,Fitness,1
Tourmo,https://www.crunchbase.com/organization/tourmaline-labs,www.tourmalinelabs.com/,Artificial Intelligence,1
ujet.cx,https://www.crunchbase.com/organization/ujet,ujet.cx,Software,1
Inceptio Technology,https://www.crunchbase.com/organization/inceptio-technology,www.inceptio.ai/,Freight Service,1
Plotly,https://www.crunchbase.com/organization/plotly,plotly.com,Big Data,1
Clarabridge,https://www.crunchbase.com/organization/clarabridge,www.clarabridge.com,Analytics,1
Copper Labs,https://www.crunchbase.com/organization/copper-labs,copperlabs.com,Renewable Energy,1
SpyCloud,https://www.crunchbase.com/organization/spycloud-inc,spycloud.com,Fraud Detection,1
Hourly,https://www.crunchbase.com/organization/hourly-c901,www.hourlyapp.co,Local Advertising,1
Apple,https://www.crunchbase.com/organization/apple,www.apple.com,Software,1
Butlr,https://www.crunchbase.com/organization/butlr-0e8d,www.butlr.io,Information Technology,1
AKUR8,https://www.crunchbase.com/organization/akur8,www.akur8-tech.com,Machine Learning,1
P3 Health Partners,https://www.crunchbase.com/organization/p3-health-group,p3hp.org/,Hospital,1
Doctor Insta,https://www.crunchbase.com/organization/doctor-insta,www.DoctorInsta.com,Health Care,1
SightCall,https://www.crunchbase.com/organization/sightcall,www.sightcall.com/,Video Chat,1
Sendio,https://www.crunchbase.com/organization/sendio,www.sendio.com,Email,1
Leanpath,https://www.crunchbase.com/organization/leanpath-inc,www.leanpath.com,Business Intelligence,1
Horizon Robotics,https://www.crunchbase.com/organization/horizon-robotics,www.horizon.ai,Autonomous Vehicles,1
Nanovetores Group,https://www.crunchbase.com/organization/nanovetores-group,www.nanovetores.com.br/,Food and Beverage,1
Campus,https://www.crunchbase.com/organization/campus-67d8,www.campusenergy.ca/,Energy,1
Tesorio,https://www.crunchbase.com/organization/tesorio,www.tesorio.com/,FinTech,1
PetDesk,https://www.crunchbase.com/organization/locaii,www.petdesk.com,Apps,1
DriveX Technologies,https://www.crunchbase.com/organization/drivex-technologies,www.drivex.ee,Mobile,1
Cashkaro,https://www.crunchbase.com/organization/cashkaro,cashkaro.com,Coupons,1
Health Space,https://www.crunchbase.com/organization/health-space,healthspace.cloud,Information Technology,1
KITRO,https://www.crunchbase.com/organization/kitro,www.kitro.ch,Hardware,1
Swift Navigation,https://www.crunchbase.com/organization/swift-navigation-inc,swiftnav.com,GPS,1
Fathom,https://www.crunchbase.com/organization/fathom-4,fathomhealth.com,Medical,1
Aquarela Advanced Analytics,https://www.crunchbase.com/organization/aquarela-2,aquare.la/,Data Visualization,1
FireMon,https://www.crunchbase.com/organization/firemon,www.firemon.com,Security,1
tethr,https://www.crunchbase.com/organization/tethr-5777,www.tethr.men/,mHealth,1
Ladder,https://www.crunchbase.com/organization/ladder-2,www.ladderlife.com,Financial Services,1
Friss,https://www.crunchbase.com/organization/friss,www.friss.com/,Software,1
Flexe,https://www.crunchbase.com/organization/flexe,www.flexe.com/,Logistics,1
fabric,https://www.crunchbase.com/organization/fabric-3ad9,fabric.inc,SaaS,1
Pongo,https://www.crunchbase.com/organization/pongoai,joinpongo.com,E-Commerce,1
Superb AI,https://www.crunchbase.com/organization/superb-ai,www.superb-ai.com,Artificial Intelligence,1
LiftIgniter,https://www.crunchbase.com/organization/liftigniter,www.liftigniter.com/,Machine Learning,1
Noogata,https://www.crunchbase.com/organization/noogata,www.noogata.com/,Artificial Intelligence,1
Kalido,https://www.crunchbase.com/organization/kalido-2,www.kalido.me,SaaS,1
Aevi,https://www.crunchbase.com/organization/aevi-international,www.aevi.com/,FinTech,1
Flashpoint,https://www.crunchbase.com/organization/flashpoint-intel,www.flashpoint.io,Software,1
Datagen Technologies,https://www.crunchbase.com/organization/datagen-technologies,datagen.tech/,Software,1
Enlitic,https://www.crunchbase.com/organization/enlitic,www.enlitic.com/,Health Care,1
ARIVE,https://www.crunchbase.com/organization/arive,www.ariveapp.com,Delivery Service,1
Otolith Labs,https://www.crunchbase.com/organization/otolith-labs,www.otolithlabs.com/,Medical Device,1
Premise Health,https://www.crunchbase.com/organization/premise-health,www.premisehealth.com/,Communities,1
RevSpring,https://www.crunchbase.com/organization/revspring,www.revspringinc.com,Collectibles,1
Okera,https://www.crunchbase.com/organization/okera,www.okera.com/,Information Technology,1
NimbleRx,https://www.crunchbase.com/organization/nimble-pharmacy,www.nimblerx.com/,Health Care,1
Reap,https://www.crunchbase.com/organization/reap,www.reap.global,Small and Medium Businesses,1
Amplimed,https://www.crunchbase.com/organization/amplimed,www.amplimed.com.br/,Health Care,1
Chemotargets,https://www.crunchbase.com/organization/chemotargets,www.chemotargets.com/,Biotechnology,1
Cohero Health,https://www.crunchbase.com/organization/cohero-health,www.coherohealth.com,Personal Health,1
b.well Connected Health,https://www.crunchbase.com/organization/b-well,icanbwell.com/,Health Insurance,1
Everactive,https://www.crunchbase.com/organization/everactive,www.everactive.com,Internet of Things,1
Equilibrium Health,https://www.crunchbase.com/organization/equilibrium-health,www.equilibriumhealthgc.com.au,Fitness,1
Code42,https://www.crunchbase.com/organization/code-42-software,www.code42.com,Cyber Security,1
TouchBistro,https://www.crunchbase.com/organization/touchbistro,touchbistro.com,Software,1
Sidecar,https://www.crunchbase.com/organization/sidecar,www.getsidecar.com,Information Technology,1
Pimloc,https://www.crunchbase.com/organization/pimloc-ltd,www.pimloc.com,Software,1
Heartcare Imaging,https://www.crunchbase.com/organization/heartcare-imaging,heartcareimaging.com,Hospital,1
DriveX Technologies,https://www.crunchbase.com/organization/drivex-technologies,www.drivex.ee,Software,1
Albert Technologies,https://www.crunchbase.com/organization/albert-technologies-ltd,www.albert.ai,Digital Marketing,1
Deep North,https://www.crunchbase.com/organization/deep-north,www.deepnorth.com,Artificial Intelligence,1
Shift Technology,https://www.crunchbase.com/organization/shift-technology,www.shift-technology.com/,Information Technology,1
Claravine,https://www.crunchbase.com/organization/tracking-first,www.claravine.com/,SaaS,1
Earnix,https://www.crunchbase.com/organization/earnix,www.earnix.com,Software,1
Big Health,https://www.crunchbase.com/organization/big-health,www.bighealth.com/,Therapeutics,1
Epion Health,https://www.crunchbase.com/organization/epion-health,www.epionhealth.com,Cloud Data Services,1
FATHOM,https://www.crunchbase.com/organization/fathom,www.fathommfg.com/,3D Printing,1
Tulip Retail,https://www.crunchbase.com/organization/tulip-retail,www.tulip.com,E-Commerce,1
PredictSpring,https://www.crunchbase.com/organization/predictspring,www.predictspring.com,E-Commerce,1
Menten AI,https://www.crunchbase.com/organization/menten-biotechnology-labs-inc,menten.ai/,Pharmaceutical,1
Persado,https://www.crunchbase.com/organization/persado,www.persado.com/,Brand Marketing,1
HITEKS,https://www.crunchbase.com/organization/hiteks,hiteks.com,Information Services,1
Hive,https://www.crunchbase.com/organization/hive-dc0c,thehive.ai/,Speech Recognition,1
Clumio,https://www.crunchbase.com/organization/clumio,www.clumio.com,Computer,1
Novadiscovery,https://www.crunchbase.com/organization/novadiscovery,www.novadiscovery.com,Medical,1
MindTech Solutions,https://www.crunchbase.com/organization/mindtech-solutions,mindtechsolutions.com,Enterprise Resource Planning (ERP),1
NanoNets,https://www.crunchbase.com/organization/nanonets,nanonets.com,Machine Learning,1
Prismic,https://www.crunchbase.com/organization/prismic-io,prismic.io,Developer APIs,1
Eledon Pharmaceuticals,https://www.crunchbase.com/organization/tokai-pharmaceuticals,eledon.com/,Pharmaceutical,1
Palexy,https://www.crunchbase.com/organization/palexy,www.palexy.com,Retail Technology,1
SightCall,https://www.crunchbase.com/organization/sightcall,www.sightcall.com/,Mobile,1
CipherTrace,https://www.crunchbase.com/organization/ciphertrace-inc,ciphertrace.com/,Bitcoin,1
Spring Health,https://www.crunchbase.com/organization/spring-care,www.springhealth.com,Machine Learning,1
Merit Incentives,https://www.crunchbase.com/organization/merit-incentives,www.meritincentives.com/,Information Technology,1
Narvar,https://www.crunchbase.com/organization/narvar,corp.narvar.com,Supply Chain Management,1
Whil,https://www.crunchbase.com/organization/whil-concepts-inc-,www.whil.com,Employee Benefits,1
Netfarma,https://www.crunchbase.com/organization/netfarma,netfarma.com.br/,Health Care,1
Iodine Software,https://www.crunchbase.com/organization/iodine,iodinesoftware.com/,Medical Device,1
Mymedi,https://www.crunchbase.com/organization/mymedi,mymedi.com.br,Medical,1
ParkourSC,https://www.crunchbase.com/organization/cloudleaf,www.parkoursc.com/,Asset Management,1
TranscendIT Health,https://www.crunchbase.com/organization/transcendit-health,transcendit.health/,Information Technology,1
Pachama,https://www.crunchbase.com/organization/pachama,www.pachama.com,CleanTech,1
EigenRisk,https://www.crunchbase.com/organization/eigenrisk,eigenrisk.com/,Financial Services,1
Flywheel,https://www.crunchbase.com/organization/flywheel,getflywheel.com,Web Hosting,1
Verifone,https://www.crunchbase.com/organization/verifone,www.verifone.com,Hardware,1
Explosion AI,https://www.crunchbase.com/organization/explosion-ai,explosion.ai,Developer Tools,1
Lydia.ai,https://www.crunchbase.com/organization/myknowtions,lydia.ai,FinTech,1
AppFollow,https://www.crunchbase.com/organization/appfollow,appfollow.io,Android,1
Altoida,https://www.crunchbase.com/organization/altoida,www.altoida.com,Medical,1
Yonder,https://www.crunchbase.com/organization/yonder,www.yonder.it/,Communities,1
Datrics,https://www.crunchbase.com/organization/datrics,datrics.ai/,Information Technology,1
Life Log Technology,https://www.crunchbase.com/organization/life-log-technology,calomeal.com/,Beauty,1
CLARA Analytics,https://www.crunchbase.com/organization/clara-analytics,www.claraanalytics.com,Analytics,1
Symmetry Systems,https://www.crunchbase.com/organization/symmetry-systems,www.symmetry-systems.com,Information Technology,1
Pypestream,https://www.crunchbase.com/organization/pypestream,pypestream.com/,Customer Service,1
TweeQ,https://www.crunchbase.com/organization/tweeq,tweeq.com/,Animation,1
Expend,https://www.crunchbase.com/organization/expend,expend.com,Debit Cards,1
WireWheel.io,https://www.crunchbase.com/organization/wirewheel-io,www.wirewheel.io,Privacy,1
Concirrus,https://www.crunchbase.com/organization/concirrus,www.concirrus.com,Insurance,1
Emitwise,https://www.crunchbase.com/organization/emitwise,www.emitwise.com,SaaS,1
Cubic Telecom,https://www.crunchbase.com/organization/cubictelecom,www.cubictelecom.com/,Wireless,1
Cognism,https://www.crunchbase.com/organization/cognism,cognism.com,Marketing Automation,1
Diameter Health,https://www.crunchbase.com/organization/diameter-health,www.diameterhealth.com,Information Technology,1
Nindoo,https://www.crunchbase.com/organization/nindoo,nindoo.ai,Software,1
PsicoManager,https://www.crunchbase.com/organization/psicomanager,www.psicomanager.com.br,Information Technology,1
Semantix,https://www.crunchbase.com/organization/semantix-3,www.semantix.inc,Developer Platform,1
Datica,https://www.crunchbase.com/organization/datica,datica.com/,Cloud Computing,1
Flo Technologies,https://www.crunchbase.com/organization/flo-technologies,www.meetflo.com,Hardware,1
Greenmetrics,https://www.crunchbase.com/organization/greenmetrics,greenmetrics.io,Information Technology,1
Fictiv,https://www.crunchbase.com/organization/fictiv,www.fictiv.com/,Hardware,1
Simbe Robotics,https://www.crunchbase.com/organization/simbe-robotics,www.simberobotics.com,Sales Automation,1
GESTO (acquired by DASA in Jan/2021),https://www.crunchbase.com/organization/gesto-sa%C3%BAde-e-tecnologia-3,www.gesto.com.br,Software,1
Lori Systems,https://www.crunchbase.com/organization/lori-systems,www.lorisystems.com/,Logistics,1
Unimed JP,https://www.crunchbase.com/organization/unimed-jp,www.unimedjp.com.br,Health Care,1
Flywheel Healthcare,https://www.crunchbase.com/organization/flywheel-healthcare,flywheelpartners.com,Biotechnology,1
MedCloud,https://www.crunchbase.com/organization/medcloud,medcloud.com.br,Information Technology,1
VoyagerX,https://www.crunchbase.com/organization/voyage,voyagerx.com,Artificial Intelligence,1
Myndshft Technologies Inc.,https://www.crunchbase.com/organization/myndshft-technologies,www.myndshft.com,Machine Learning,1
Binah.ai,https://www.crunchbase.com/organization/binah-ai,www.binah.ai/,Personal Health,1
Datorama,https://www.crunchbase.com/organization/datorama,datorama.com,Marketing,1
Suki,https://www.crunchbase.com/organization/sukihq,www.suki.ai,Natural Language Processing,1
Agrinorm,https://www.crunchbase.com/organization/agrinorm,agrinorm.ai/,Artificial Intelligence,1
Unbxd,https://www.crunchbase.com/organization/unbxd,www.unbxd.com,Search Engine,1
MessageBird,https://www.crunchbase.com/organization/messagebird,www.messagebird.com/,Telecommunications,1
Lemonade,https://www.crunchbase.com/organization/lemonade,www.lemonade.com/,InsurTech,1
Heyday AI,https://www.crunchbase.com/organization/heyday,heyday.ai/,CRM,1
Zesty.io,https://www.crunchbase.com/organization/zesty-io,zesty.io,Information Technology,1
Dray Alliance,https://www.crunchbase.com/organization/dray-alliance,www.drayalliance.com,Logistics,1
ArcherDX,https://www.crunchbase.com/organization/archerdx-inc,archerdx.com,Life Science,1
RangeForce,https://www.crunchbase.com/organization/vequrity,rangeforce.com,SaaS,1
Synack,https://www.crunchbase.com/organization/synack,www.synack.com,Security,1
Plyzer,https://www.crunchbase.com/organization/plyzer,www.plyzerintelligence.com,Price Comparison,1
Mya Systems,https://www.crunchbase.com/organization/mya-systems,mya.com,Natural Language Processing,1
Clarivate Analytics,https://www.crunchbase.com/organization/clarivate-analytics,clarivate.com,Information Technology,1
Whistic,https://www.crunchbase.com/organization/whistic,www.whistic.com,Compliance,1
Database Solutions,https://www.crunchbase.com/organization/database-solutions,database-solutions.com/,Software,1
AKUR8,https://www.crunchbase.com/organization/akur8,www.akur8-tech.com,Financial Services,1
MedPhone,https://www.crunchbase.com/organization/medphone,www.medphone.com.br/,Software,1
Element Human,https://www.crunchbase.com/organization/element-human,elementhuman.com/,UX Design,1
Eave,https://www.crunchbase.com/organization/eartex,eave.io/,Information Technology,1
LANDR,https://www.crunchbase.com/organization/mixgenius,www.landr.com,Machine Learning,1
